Timestamp,Redemption Count,Sales Count,Date,Year,Month,Hour,Minute,Day_of_Week_Num,Day_of_Week,Is_Weekend,Is_Off_Season,Net_Queue_Change
2015-05-01 13:30:00,0,1,2015-05-01,2015,5,13,30,4,Friday,0,0,1
2015-05-01 15:15:00,0,2,2015-05-01,2015,5,15,15,4,Friday,0,0,2
2015-05-01 15:45:00,0,1,2015-05-01,2015,5,15,45,4,Friday,0,0,1
2015-05-01 16:00:00,1,0,2015-05-01,2015,5,16,0,4,Friday,0,0,-1
2015-05-04 16:00:00,0,2,2015-05-04,2015,5,16,0,0,Monday,0,0,2
2015-05-04 16:15:00,0,2,2015-05-04,2015,5,16,15,0,Monday,0,0,2
2015-05-04 16:30:00,0,3,2015-05-04,2015,5,16,30,0,Monday,0,0,3
2015-05-04 16:45:00,0,3,2015-05-04,2015,5,16,45,0,Monday,0,0,3
2015-05-04 17:00:00,4,6,2015-05-04,2015,5,17,0,0,Monday,0,0,2
2015-05-04 17:15:00,8,11,2015-05-04,2015,5,17,15,0,Monday,0,0,3
2015-05-04 17:30:00,0,7,2015-05-04,2015,5,17,30,0,Monday,0,0,7
2015-05-04 17:45:00,0,7,2015-05-04,2015,5,17,45,0,Monday,0,0,7
2015-05-04 18:15:00,0,1,2015-05-04,2015,5,18,15,0,Monday,0,0,1
2015-05-04 18:45:00,0,1,2015-05-04,2015,5,18,45,0,Monday,0,0,1
2015-05-04 19:00:00,0,2,2015-05-04,2015,5,19,0,0,Monday,0,0,2
2015-05-04 19:15:00,0,15,2015-05-04,2015,5,19,15,0,Monday,0,0,15
2015-05-04 19:45:00,0,1,2015-05-04,2015,5,19,45,0,Monday,0,0,1
2015-05-04 20:00:00,0,2,2015-05-04,2015,5,20,0,0,Monday,0,0,2
2015-05-04 20:15:00,0,3,2015-05-04,2015,5,20,15,0,Monday,0,0,3
2015-05-04 20:30:00,0,2,2015-05-04,2015,5,20,30,0,Monday,0,0,2
2015-05-04 20:45:00,0,3,2015-05-04,2015,5,20,45,0,Monday,0,0,3
2015-05-04 21:30:00,0,2,2015-05-04,2015,5,21,30,0,Monday,0,0,2
2015-05-04 22:00:00,0,2,2015-05-04,2015,5,22,0,0,Monday,0,0,2
2015-05-05 07:00:00,0,1,2015-05-05,2015,5,7,0,1,Tuesday,0,0,1
2015-05-05 07:15:00,0,1,2015-05-05,2015,5,7,15,1,Tuesday,0,0,1
2015-05-05 07:30:00,0,4,2015-05-05,2015,5,7,30,1,Tuesday,0,0,4
2015-05-05 07:45:00,0,5,2015-05-05,2015,5,7,45,1,Tuesday,0,0,5
2015-05-05 08:00:00,0,6,2015-05-05,2015,5,8,0,1,Tuesday,0,0,6
2015-05-05 08:15:00,0,3,2015-05-05,2015,5,8,15,1,Tuesday,0,0,3
2015-05-05 08:30:00,0,9,2015-05-05,2015,5,8,30,1,Tuesday,0,0,9
2015-05-05 08:45:00,0,5,2015-05-05,2015,5,8,45,1,Tuesday,0,0,5
2015-05-05 09:00:00,0,5,2015-05-05,2015,5,9,0,1,Tuesday,0,0,5
2015-05-05 09:15:00,0,1,2015-05-05,2015,5,9,15,1,Tuesday,0,0,1
2015-05-05 09:30:00,0,7,2015-05-05,2015,5,9,30,1,Tuesday,0,0,7
2015-05-05 09:45:00,0,16,2015-05-05,2015,5,9,45,1,Tuesday,0,0,16
2015-05-05 10:00:00,0,25,2015-05-05,2015,5,10,0,1,Tuesday,0,0,25
2015-05-05 10:15:00,0,9,2015-05-05,2015,5,10,15,1,Tuesday,0,0,9
2015-05-05 10:30:00,1,25,2015-05-05,2015,5,10,30,1,Tuesday,0,0,24
2015-05-05 10:45:00,18,37,2015-05-05,2015,5,10,45,1,Tuesday,0,0,19
2015-05-05 11:00:00,1,53,2015-05-05,2015,5,11,0,1,Tuesday,0,0,52
2015-05-05 11:15:00,127,23,2015-05-05,2015,5,11,15,1,Tuesday,0,0,-104
2015-05-05 11:30:00,46,15,2015-05-05,2015,5,11,30,1,Tuesday,0,0,-31
2015-05-05 11:45:00,2,13,2015-05-05,2015,5,11,45,1,Tuesday,0,0,11
2015-05-05 12:00:00,91,9,2015-05-05,2015,5,12,0,1,Tuesday,0,0,-82
2015-05-05 12:15:00,0,16,2015-05-05,2015,5,12,15,1,Tuesday,0,0,16
2015-05-05 12:30:00,2,23,2015-05-05,2015,5,12,30,1,Tuesday,0,0,21
2015-05-05 12:45:00,50,35,2015-05-05,2015,5,12,45,1,Tuesday,0,0,-15
2015-05-05 13:00:00,6,4,2015-05-05,2015,5,13,0,1,Tuesday,0,0,-2
2015-05-05 13:15:00,2,0,2015-05-05,2015,5,13,15,1,Tuesday,0,0,-2
2015-05-05 13:30:00,3,18,2015-05-05,2015,5,13,30,1,Tuesday,0,0,15
2015-05-05 13:45:00,0,86,2015-05-05,2015,5,13,45,1,Tuesday,0,0,86
2015-05-05 14:00:00,107,5,2015-05-05,2015,5,14,0,1,Tuesday,0,0,-102
2015-05-05 14:45:00,7,3,2015-05-05,2015,5,14,45,1,Tuesday,0,0,-4
2015-05-05 15:00:00,0,2,2015-05-05,2015,5,15,0,1,Tuesday,0,0,2
2015-05-05 15:15:00,4,5,2015-05-05,2015,5,15,15,1,Tuesday,0,0,1
2015-05-05 15:30:00,6,18,2015-05-05,2015,5,15,30,1,Tuesday,0,0,12
2015-05-05 15:45:00,2,4,2015-05-05,2015,5,15,45,1,Tuesday,0,0,2
2015-05-05 16:00:00,0,13,2015-05-05,2015,5,16,0,1,Tuesday,0,0,13
2015-05-05 16:15:00,31,0,2015-05-05,2015,5,16,15,1,Tuesday,0,0,-31
2015-05-05 17:15:00,3,0,2015-05-05,2015,5,17,15,1,Tuesday,0,0,-3
2015-05-05 19:00:00,0,22,2015-05-05,2015,5,19,0,1,Tuesday,0,0,22
2015-05-05 19:15:00,0,12,2015-05-05,2015,5,19,15,1,Tuesday,0,0,12
2015-05-05 19:30:00,24,0,2015-05-05,2015,5,19,30,1,Tuesday,0,0,-24
2015-05-05 20:00:00,0,3,2015-05-05,2015,5,20,0,1,Tuesday,0,0,3
2015-05-05 20:15:00,0,2,2015-05-05,2015,5,20,15,1,Tuesday,0,0,2
2015-05-05 20:30:00,0,1,2015-05-05,2015,5,20,30,1,Tuesday,0,0,1
2015-05-05 21:15:00,0,4,2015-05-05,2015,5,21,15,1,Tuesday,0,0,4
2015-05-05 21:30:00,1,1,2015-05-05,2015,5,21,30,1,Tuesday,0,0,0
2015-05-05 21:45:00,3,0,2015-05-05,2015,5,21,45,1,Tuesday,0,0,-3
2015-05-06 07:30:00,0,27,2015-05-06,2015,5,7,30,2,Wednesday,0,0,27
2015-05-06 07:45:00,0,1,2015-05-06,2015,5,7,45,2,Wednesday,0,0,1
2015-05-06 08:00:00,0,1,2015-05-06,2015,5,8,0,2,Wednesday,0,0,1
2015-05-06 08:15:00,0,22,2015-05-06,2015,5,8,15,2,Wednesday,0,0,22
2015-05-06 08:30:00,1,28,2015-05-06,2015,5,8,30,2,Wednesday,0,0,27
2015-05-06 08:45:00,7,2,2015-05-06,2015,5,8,45,2,Wednesday,0,0,-5
2015-05-06 09:00:00,0,12,2015-05-06,2015,5,9,0,2,Wednesday,0,0,12
2015-05-06 09:15:00,22,6,2015-05-06,2015,5,9,15,2,Wednesday,0,0,-16
2015-05-06 09:30:00,0,7,2015-05-06,2015,5,9,30,2,Wednesday,0,0,7
2015-05-06 09:45:00,0,5,2015-05-06,2015,5,9,45,2,Wednesday,0,0,5
2015-05-06 10:00:00,14,16,2015-05-06,2015,5,10,0,2,Wednesday,0,0,2
2015-05-06 10:15:00,13,26,2015-05-06,2015,5,10,15,2,Wednesday,0,0,13
2015-05-06 10:30:00,0,36,2015-05-06,2015,5,10,30,2,Wednesday,0,0,36
2015-05-06 10:45:00,28,45,2015-05-06,2015,5,10,45,2,Wednesday,0,0,17
2015-05-06 11:00:00,0,32,2015-05-06,2015,5,11,0,2,Wednesday,0,0,32
2015-05-06 11:15:00,88,36,2015-05-06,2015,5,11,15,2,Wednesday,0,0,-52
2015-05-06 11:30:00,3,56,2015-05-06,2015,5,11,30,2,Wednesday,0,0,53
2015-05-06 11:45:00,46,53,2015-05-06,2015,5,11,45,2,Wednesday,0,0,7
2015-05-06 12:00:00,30,18,2015-05-06,2015,5,12,0,2,Wednesday,0,0,-12
2015-05-06 12:15:00,0,5,2015-05-06,2015,5,12,15,2,Wednesday,0,0,5
2015-05-06 12:30:00,0,28,2015-05-06,2015,5,12,30,2,Wednesday,0,0,28
2015-05-06 12:45:00,116,25,2015-05-06,2015,5,12,45,2,Wednesday,0,0,-91
2015-05-06 13:00:00,0,15,2015-05-06,2015,5,13,0,2,Wednesday,0,0,15
2015-05-06 13:15:00,0,28,2015-05-06,2015,5,13,15,2,Wednesday,0,0,28
2015-05-06 13:30:00,36,11,2015-05-06,2015,5,13,30,2,Wednesday,0,0,-25
2015-05-06 13:45:00,5,30,2015-05-06,2015,5,13,45,2,Wednesday,0,0,25
2015-05-06 14:00:00,15,61,2015-05-06,2015,5,14,0,2,Wednesday,0,0,46
2015-05-06 14:15:00,13,66,2015-05-06,2015,5,14,15,2,Wednesday,0,0,53
2015-05-06 14:30:00,0,69,2015-05-06,2015,5,14,30,2,Wednesday,0,0,69
2015-05-06 14:45:00,88,54,2015-05-06,2015,5,14,45,2,Wednesday,0,0,-34
2015-05-06 15:00:00,0,56,2015-05-06,2015,5,15,0,2,Wednesday,0,0,56
2015-05-06 15:15:00,0,79,2015-05-06,2015,5,15,15,2,Wednesday,0,0,79
2015-05-06 15:30:00,105,13,2015-05-06,2015,5,15,30,2,Wednesday,0,0,-92
2015-05-06 15:45:00,45,48,2015-05-06,2015,5,15,45,2,Wednesday,0,0,3
2015-05-06 16:00:00,0,15,2015-05-06,2015,5,16,0,2,Wednesday,0,0,15
2015-05-06 16:15:00,0,16,2015-05-06,2015,5,16,15,2,Wednesday,0,0,16
2015-05-06 16:30:00,39,57,2015-05-06,2015,5,16,30,2,Wednesday,0,0,18
2015-05-06 16:45:00,19,5,2015-05-06,2015,5,16,45,2,Wednesday,0,0,-14
2015-05-06 17:00:00,33,10,2015-05-06,2015,5,17,0,2,Wednesday,0,0,-23
2015-05-06 17:15:00,0,25,2015-05-06,2015,5,17,15,2,Wednesday,0,0,25
2015-05-06 17:30:00,0,36,2015-05-06,2015,5,17,30,2,Wednesday,0,0,36
2015-05-06 17:45:00,0,23,2015-05-06,2015,5,17,45,2,Wednesday,0,0,23
2015-05-06 18:00:00,0,16,2015-05-06,2015,5,18,0,2,Wednesday,0,0,16
2015-05-06 18:15:00,56,51,2015-05-06,2015,5,18,15,2,Wednesday,0,0,-5
2015-05-06 18:30:00,67,21,2015-05-06,2015,5,18,30,2,Wednesday,0,0,-46
2015-05-06 18:45:00,34,9,2015-05-06,2015,5,18,45,2,Wednesday,0,0,-25
2015-05-06 19:00:00,0,6,2015-05-06,2015,5,19,0,2,Wednesday,0,0,6
2015-05-06 19:15:00,1,13,2015-05-06,2015,5,19,15,2,Wednesday,0,0,12
2015-05-06 19:30:00,33,0,2015-05-06,2015,5,19,30,2,Wednesday,0,0,-33
2015-05-06 20:00:00,0,5,2015-05-06,2015,5,20,0,2,Wednesday,0,0,5
2015-05-06 20:15:00,0,8,2015-05-06,2015,5,20,15,2,Wednesday,0,0,8
2015-05-06 20:30:00,3,0,2015-05-06,2015,5,20,30,2,Wednesday,0,0,-3
2015-05-06 20:45:00,11,1,2015-05-06,2015,5,20,45,2,Wednesday,0,0,-10
2015-05-06 21:15:00,0,2,2015-05-06,2015,5,21,15,2,Wednesday,0,0,2
2015-05-06 21:30:00,3,14,2015-05-06,2015,5,21,30,2,Wednesday,0,0,11
2015-05-06 21:45:00,7,0,2015-05-06,2015,5,21,45,2,Wednesday,0,0,-7
2015-05-06 22:00:00,0,1,2015-05-06,2015,5,22,0,2,Wednesday,0,0,1
2015-05-06 22:15:00,0,4,2015-05-06,2015,5,22,15,2,Wednesday,0,0,4
2015-05-06 22:30:00,8,3,2015-05-06,2015,5,22,30,2,Wednesday,0,0,-5
2015-05-07 07:45:00,0,4,2015-05-07,2015,5,7,45,3,Thursday,0,0,4
2015-05-07 08:00:00,0,16,2015-05-07,2015,5,8,0,3,Thursday,0,0,16
2015-05-07 08:15:00,0,2,2015-05-07,2015,5,8,15,3,Thursday,0,0,2
2015-05-07 08:30:00,3,3,2015-05-07,2015,5,8,30,3,Thursday,0,0,0
2015-05-07 08:45:00,0,5,2015-05-07,2015,5,8,45,3,Thursday,0,0,5
2015-05-07 09:00:00,0,11,2015-05-07,2015,5,9,0,3,Thursday,0,0,11
2015-05-07 09:15:00,12,34,2015-05-07,2015,5,9,15,3,Thursday,0,0,22
2015-05-07 09:30:00,3,10,2015-05-07,2015,5,9,30,3,Thursday,0,0,7
2015-05-07 09:45:00,0,1,2015-05-07,2015,5,9,45,3,Thursday,0,0,1
2015-05-07 10:00:00,0,21,2015-05-07,2015,5,10,0,3,Thursday,0,0,21
2015-05-07 10:15:00,0,6,2015-05-07,2015,5,10,15,3,Thursday,0,0,6
2015-05-07 10:30:00,0,33,2015-05-07,2015,5,10,30,3,Thursday,0,0,33
2015-05-07 10:45:00,6,107,2015-05-07,2015,5,10,45,3,Thursday,0,0,101
2015-05-07 11:00:00,0,61,2015-05-07,2015,5,11,0,3,Thursday,0,0,61
2015-05-07 11:15:00,149,48,2015-05-07,2015,5,11,15,3,Thursday,0,0,-101
2015-05-07 11:30:00,29,69,2015-05-07,2015,5,11,30,3,Thursday,0,0,40
2015-05-07 11:45:00,0,108,2015-05-07,2015,5,11,45,3,Thursday,0,0,108
2015-05-07 12:00:00,114,85,2015-05-07,2015,5,12,0,3,Thursday,0,0,-29
2015-05-07 12:15:00,0,16,2015-05-07,2015,5,12,15,3,Thursday,0,0,16
2015-05-07 12:30:00,0,33,2015-05-07,2015,5,12,30,3,Thursday,0,0,33
2015-05-07 12:45:00,52,60,2015-05-07,2015,5,12,45,3,Thursday,0,0,8
2015-05-07 13:00:00,0,48,2015-05-07,2015,5,13,0,3,Thursday,0,0,48
2015-05-07 13:15:00,66,94,2015-05-07,2015,5,13,15,3,Thursday,0,0,28
2015-05-07 13:30:00,0,33,2015-05-07,2015,5,13,30,3,Thursday,0,0,33
2015-05-07 13:45:00,0,53,2015-05-07,2015,5,13,45,3,Thursday,0,0,53
2015-05-07 14:00:00,48,64,2015-05-07,2015,5,14,0,3,Thursday,0,0,16
2015-05-07 14:15:00,0,124,2015-05-07,2015,5,14,15,3,Thursday,0,0,124
2015-05-07 14:30:00,0,103,2015-05-07,2015,5,14,30,3,Thursday,0,0,103
2015-05-07 14:45:00,48,67,2015-05-07,2015,5,14,45,3,Thursday,0,0,19
2015-05-07 15:00:00,126,54,2015-05-07,2015,5,15,0,3,Thursday,0,0,-72
2015-05-07 15:15:00,63,59,2015-05-07,2015,5,15,15,3,Thursday,0,0,-4
2015-05-07 15:30:00,116,51,2015-05-07,2015,5,15,30,3,Thursday,0,0,-65
2015-05-07 15:45:00,5,60,2015-05-07,2015,5,15,45,3,Thursday,0,0,55
2015-05-07 16:00:00,0,68,2015-05-07,2015,5,16,0,3,Thursday,0,0,68
2015-05-07 16:15:00,83,29,2015-05-07,2015,5,16,15,3,Thursday,0,0,-54
2015-05-07 16:30:00,52,24,2015-05-07,2015,5,16,30,3,Thursday,0,0,-28
2015-05-07 16:45:00,0,34,2015-05-07,2015,5,16,45,3,Thursday,0,0,34
2015-05-07 17:00:00,94,33,2015-05-07,2015,5,17,0,3,Thursday,0,0,-61
2015-05-07 17:15:00,0,15,2015-05-07,2015,5,17,15,3,Thursday,0,0,15
2015-05-07 17:30:00,0,76,2015-05-07,2015,5,17,30,3,Thursday,0,0,76
2015-05-07 17:45:00,64,58,2015-05-07,2015,5,17,45,3,Thursday,0,0,-6
2015-05-07 18:00:00,19,29,2015-05-07,2015,5,18,0,3,Thursday,0,0,10
2015-05-07 18:15:00,0,54,2015-05-07,2015,5,18,15,3,Thursday,0,0,54
2015-05-07 18:30:00,38,16,2015-05-07,2015,5,18,30,3,Thursday,0,0,-22
2015-05-07 18:45:00,39,9,2015-05-07,2015,5,18,45,3,Thursday,0,0,-30
2015-05-07 19:00:00,0,13,2015-05-07,2015,5,19,0,3,Thursday,0,0,13
2015-05-07 19:15:00,0,27,2015-05-07,2015,5,19,15,3,Thursday,0,0,27
2015-05-07 19:30:00,65,6,2015-05-07,2015,5,19,30,3,Thursday,0,0,-59
2015-05-07 19:45:00,0,5,2015-05-07,2015,5,19,45,3,Thursday,0,0,5
2015-05-07 20:00:00,0,7,2015-05-07,2015,5,20,0,3,Thursday,0,0,7
2015-05-07 20:15:00,0,58,2015-05-07,2015,5,20,15,3,Thursday,0,0,58
2015-05-07 20:30:00,0,28,2015-05-07,2015,5,20,30,3,Thursday,0,0,28
2015-05-07 20:45:00,1,0,2015-05-07,2015,5,20,45,3,Thursday,0,0,-1
2015-05-07 21:00:00,29,0,2015-05-07,2015,5,21,0,3,Thursday,0,0,-29
2015-05-07 21:15:00,0,6,2015-05-07,2015,5,21,15,3,Thursday,0,0,6
2015-05-07 21:30:00,0,9,2015-05-07,2015,5,21,30,3,Thursday,0,0,9
2015-05-07 22:00:00,15,11,2015-05-07,2015,5,22,0,3,Thursday,0,0,-4
2015-05-07 22:15:00,0,2,2015-05-07,2015,5,22,15,3,Thursday,0,0,2
2015-05-07 22:30:00,0,10,2015-05-07,2015,5,22,30,3,Thursday,0,0,10
2015-05-07 22:45:00,4,0,2015-05-07,2015,5,22,45,3,Thursday,0,0,-4
2015-05-08 07:30:00,0,2,2015-05-08,2015,5,7,30,4,Friday,0,0,2
2015-05-08 07:45:00,3,11,2015-05-08,2015,5,7,45,4,Friday,0,0,8
2015-05-08 08:00:00,0,5,2015-05-08,2015,5,8,0,4,Friday,0,0,5
2015-05-08 08:30:00,0,8,2015-05-08,2015,5,8,30,4,Friday,0,0,8
2015-05-08 08:45:00,13,5,2015-05-08,2015,5,8,45,4,Friday,0,0,-8
2015-05-08 09:00:00,11,13,2015-05-08,2015,5,9,0,4,Friday,0,0,2
2015-05-08 09:15:00,1,5,2015-05-08,2015,5,9,15,4,Friday,0,0,4
2015-05-08 09:30:00,5,24,2015-05-08,2015,5,9,30,4,Friday,0,0,19
2015-05-08 09:45:00,0,64,2015-05-08,2015,5,9,45,4,Friday,0,0,64
2015-05-08 10:00:00,69,38,2015-05-08,2015,5,10,0,4,Friday,0,0,-31
2015-05-08 10:15:00,9,53,2015-05-08,2015,5,10,15,4,Friday,0,0,44
2015-05-08 10:30:00,0,83,2015-05-08,2015,5,10,30,4,Friday,0,0,83
2015-05-08 10:45:00,48,49,2015-05-08,2015,5,10,45,4,Friday,0,0,1
2015-05-08 11:00:00,0,82,2015-05-08,2015,5,11,0,4,Friday,0,0,82
2015-05-08 11:15:00,162,117,2015-05-08,2015,5,11,15,4,Friday,0,0,-45
2015-05-08 11:30:00,4,80,2015-05-08,2015,5,11,30,4,Friday,0,0,76
2015-05-08 11:45:00,45,90,2015-05-08,2015,5,11,45,4,Friday,0,0,45
2015-05-08 12:00:00,176,68,2015-05-08,2015,5,12,0,4,Friday,0,0,-108
2015-05-08 12:15:00,0,101,2015-05-08,2015,5,12,15,4,Friday,0,0,101
2015-05-08 12:30:00,0,107,2015-05-08,2015,5,12,30,4,Friday,0,0,107
2015-05-08 12:45:00,2,85,2015-05-08,2015,5,12,45,4,Friday,0,0,83
2015-05-08 13:00:00,105,130,2015-05-08,2015,5,13,0,4,Friday,0,0,25
2015-05-08 13:15:00,82,117,2015-05-08,2015,5,13,15,4,Friday,0,0,35
2015-05-08 13:30:00,246,123,2015-05-08,2015,5,13,30,4,Friday,0,0,-123
2015-05-08 13:45:00,0,167,2015-05-08,2015,5,13,45,4,Friday,0,0,167
2015-05-08 14:00:00,195,84,2015-05-08,2015,5,14,0,4,Friday,0,0,-111
2015-05-08 14:15:00,60,80,2015-05-08,2015,5,14,15,4,Friday,0,0,20
2015-05-08 14:30:00,12,132,2015-05-08,2015,5,14,30,4,Friday,0,0,120
2015-05-08 14:45:00,136,83,2015-05-08,2015,5,14,45,4,Friday,0,0,-53
2015-05-08 15:00:00,81,84,2015-05-08,2015,5,15,0,4,Friday,0,0,3
2015-05-08 15:15:00,21,91,2015-05-08,2015,5,15,15,4,Friday,0,0,70
2015-05-08 15:30:00,8,73,2015-05-08,2015,5,15,30,4,Friday,0,0,65
2015-05-08 15:45:00,179,71,2015-05-08,2015,5,15,45,4,Friday,0,0,-108
2015-05-08 16:00:00,26,179,2015-05-08,2015,5,16,0,4,Friday,0,0,153
2015-05-08 16:15:00,27,88,2015-05-08,2015,5,16,15,4,Friday,0,0,61
2015-05-08 16:30:00,113,51,2015-05-08,2015,5,16,30,4,Friday,0,0,-62
2015-05-08 16:45:00,71,73,2015-05-08,2015,5,16,45,4,Friday,0,0,2
2015-05-08 17:00:00,0,79,2015-05-08,2015,5,17,0,4,Friday,0,0,79
2015-05-08 17:15:00,0,64,2015-05-08,2015,5,17,15,4,Friday,0,0,64
2015-05-08 17:30:00,0,76,2015-05-08,2015,5,17,30,4,Friday,0,0,76
2015-05-08 17:45:00,44,18,2015-05-08,2015,5,17,45,4,Friday,0,0,-26
2015-05-08 18:00:00,0,46,2015-05-08,2015,5,18,0,4,Friday,0,0,46
2015-05-08 18:15:00,0,42,2015-05-08,2015,5,18,15,4,Friday,0,0,42
2015-05-08 18:30:00,42,25,2015-05-08,2015,5,18,30,4,Friday,0,0,-17
2015-05-08 18:45:00,2,19,2015-05-08,2015,5,18,45,4,Friday,0,0,17
2015-05-08 19:00:00,0,24,2015-05-08,2015,5,19,0,4,Friday,0,0,24
2015-05-08 19:15:00,0,48,2015-05-08,2015,5,19,15,4,Friday,0,0,48
2015-05-08 19:30:00,31,1,2015-05-08,2015,5,19,30,4,Friday,0,0,-30
2015-05-08 19:45:00,0,8,2015-05-08,2015,5,19,45,4,Friday,0,0,8
2015-05-08 20:00:00,0,8,2015-05-08,2015,5,20,0,4,Friday,0,0,8
2015-05-08 20:15:00,0,19,2015-05-08,2015,5,20,15,4,Friday,0,0,19
2015-05-08 20:30:00,0,128,2015-05-08,2015,5,20,30,4,Friday,0,0,128
2015-05-08 20:45:00,0,5,2015-05-08,2015,5,20,45,4,Friday,0,0,5
2015-05-08 21:00:00,0,4,2015-05-08,2015,5,21,0,4,Friday,0,0,4
2015-05-08 21:15:00,0,10,2015-05-08,2015,5,21,15,4,Friday,0,0,10
2015-05-08 21:30:00,0,18,2015-05-08,2015,5,21,30,4,Friday,0,0,18
2015-05-08 21:45:00,73,4,2015-05-08,2015,5,21,45,4,Friday,0,0,-69
2015-05-08 22:00:00,0,1,2015-05-08,2015,5,22,0,4,Friday,0,0,1
2015-05-08 22:15:00,0,11,2015-05-08,2015,5,22,15,4,Friday,0,0,11
2015-05-08 22:30:00,6,13,2015-05-08,2015,5,22,30,4,Friday,0,0,7
2015-05-08 23:15:00,0,3,2015-05-08,2015,5,23,15,4,Friday,0,0,3
2015-05-09 07:30:00,4,0,2015-05-09,2015,5,7,30,5,Saturday,1,0,-4
2015-05-09 07:45:00,4,9,2015-05-09,2015,5,7,45,5,Saturday,1,0,5
2015-05-09 08:00:00,0,19,2015-05-09,2015,5,8,0,5,Saturday,1,0,19
2015-05-09 08:15:00,24,9,2015-05-09,2015,5,8,15,5,Saturday,1,0,-15
2015-05-09 08:30:00,0,5,2015-05-09,2015,5,8,30,5,Saturday,1,0,5
2015-05-09 08:45:00,10,21,2015-05-09,2015,5,8,45,5,Saturday,1,0,11
2015-05-09 09:00:00,0,35,2015-05-09,2015,5,9,0,5,Saturday,1,0,35
2015-05-09 09:15:00,83,31,2015-05-09,2015,5,9,15,5,Saturday,1,0,-52
2015-05-09 09:30:00,70,84,2015-05-09,2015,5,9,30,5,Saturday,1,0,14
2015-05-09 09:45:00,78,83,2015-05-09,2015,5,9,45,5,Saturday,1,0,5
2015-05-09 10:00:00,127,134,2015-05-09,2015,5,10,0,5,Saturday,1,0,7
2015-05-09 10:15:00,79,93,2015-05-09,2015,5,10,15,5,Saturday,1,0,14
2015-05-09 10:30:00,135,150,2015-05-09,2015,5,10,30,5,Saturday,1,0,15
2015-05-09 10:45:00,159,149,2015-05-09,2015,5,10,45,5,Saturday,1,0,-10
2015-05-09 11:00:00,167,187,2015-05-09,2015,5,11,0,5,Saturday,1,0,20
2015-05-09 11:15:00,129,157,2015-05-09,2015,5,11,15,5,Saturday,1,0,28
2015-05-09 11:30:00,199,222,2015-05-09,2015,5,11,30,5,Saturday,1,0,23
2015-05-09 11:45:00,210,196,2015-05-09,2015,5,11,45,5,Saturday,1,0,-14
2015-05-09 12:00:00,200,224,2015-05-09,2015,5,12,0,5,Saturday,1,0,24
2015-05-09 12:15:00,180,187,2015-05-09,2015,5,12,15,5,Saturday,1,0,7
2015-05-09 12:30:00,196,214,2015-05-09,2015,5,12,30,5,Saturday,1,0,18
2015-05-09 12:45:00,194,205,2015-05-09,2015,5,12,45,5,Saturday,1,0,11
2015-05-09 13:00:00,224,245,2015-05-09,2015,5,13,0,5,Saturday,1,0,21
2015-05-09 13:15:00,194,236,2015-05-09,2015,5,13,15,5,Saturday,1,0,42
2015-05-09 13:30:00,307,288,2015-05-09,2015,5,13,30,5,Saturday,1,0,-19
2015-05-09 13:45:00,229,238,2015-05-09,2015,5,13,45,5,Saturday,1,0,9
2015-05-09 14:00:00,183,184,2015-05-09,2015,5,14,0,5,Saturday,1,0,1
2015-05-09 14:15:00,201,207,2015-05-09,2015,5,14,15,5,Saturday,1,0,6
2015-05-09 14:30:00,212,237,2015-05-09,2015,5,14,30,5,Saturday,1,0,25
2015-05-09 14:45:00,208,207,2015-05-09,2015,5,14,45,5,Saturday,1,0,-1
2015-05-09 15:00:00,176,185,2015-05-09,2015,5,15,0,5,Saturday,1,0,9
2015-05-09 15:15:00,179,214,2015-05-09,2015,5,15,15,5,Saturday,1,0,35
2015-05-09 15:30:00,204,211,2015-05-09,2015,5,15,30,5,Saturday,1,0,7
2015-05-09 15:45:00,188,229,2015-05-09,2015,5,15,45,5,Saturday,1,0,41
2015-05-09 16:00:00,159,162,2015-05-09,2015,5,16,0,5,Saturday,1,0,3
2015-05-09 16:15:00,129,123,2015-05-09,2015,5,16,15,5,Saturday,1,0,-6
2015-05-09 16:30:00,54,69,2015-05-09,2015,5,16,30,5,Saturday,1,0,15
2015-05-09 16:45:00,60,64,2015-05-09,2015,5,16,45,5,Saturday,1,0,4
2015-05-09 17:00:00,6,83,2015-05-09,2015,5,17,0,5,Saturday,1,0,77
2015-05-09 17:15:00,0,72,2015-05-09,2015,5,17,15,5,Saturday,1,0,72
2015-05-09 17:30:00,0,28,2015-05-09,2015,5,17,30,5,Saturday,1,0,28
2015-05-09 17:45:00,0,59,2015-05-09,2015,5,17,45,5,Saturday,1,0,59
2015-05-09 18:00:00,0,32,2015-05-09,2015,5,18,0,5,Saturday,1,0,32
2015-05-09 18:15:00,0,55,2015-05-09,2015,5,18,15,5,Saturday,1,0,55
2015-05-09 18:30:00,0,37,2015-05-09,2015,5,18,30,5,Saturday,1,0,37
2015-05-09 18:45:00,0,33,2015-05-09,2015,5,18,45,5,Saturday,1,0,33
2015-05-09 19:00:00,0,33,2015-05-09,2015,5,19,0,5,Saturday,1,0,33
2015-05-09 19:15:00,0,25,2015-05-09,2015,5,19,15,5,Saturday,1,0,25
2015-05-09 19:30:00,0,11,2015-05-09,2015,5,19,30,5,Saturday,1,0,11
2015-05-09 19:45:00,0,21,2015-05-09,2015,5,19,45,5,Saturday,1,0,21
2015-05-09 20:00:00,0,26,2015-05-09,2015,5,20,0,5,Saturday,1,0,26
2015-05-09 20:15:00,0,9,2015-05-09,2015,5,20,15,5,Saturday,1,0,9
2015-05-09 20:30:00,0,12,2015-05-09,2015,5,20,30,5,Saturday,1,0,12
2015-05-09 20:45:00,0,19,2015-05-09,2015,5,20,45,5,Saturday,1,0,19
2015-05-09 21:00:00,0,6,2015-05-09,2015,5,21,0,5,Saturday,1,0,6
2015-05-09 21:15:00,0,12,2015-05-09,2015,5,21,15,5,Saturday,1,0,12
2015-05-09 21:30:00,0,4,2015-05-09,2015,5,21,30,5,Saturday,1,0,4
2015-05-09 21:45:00,0,1,2015-05-09,2015,5,21,45,5,Saturday,1,0,1
2015-05-09 22:00:00,0,14,2015-05-09,2015,5,22,0,5,Saturday,1,0,14
2015-05-09 22:15:00,0,24,2015-05-09,2015,5,22,15,5,Saturday,1,0,24
2015-05-09 22:30:00,43,2,2015-05-09,2015,5,22,30,5,Saturday,1,0,-41
2015-05-09 22:45:00,37,4,2015-05-09,2015,5,22,45,5,Saturday,1,0,-33
2015-05-09 23:00:00,28,10,2015-05-09,2015,5,23,0,5,Saturday,1,0,-18
2015-05-09 23:30:00,30,0,2015-05-09,2015,5,23,30,5,Saturday,1,0,-30
2015-05-09 23:45:00,305,0,2015-05-09,2015,5,23,45,5,Saturday,1,0,-305
2015-05-10 07:45:00,0,2,2015-05-10,2015,5,7,45,6,Sunday,1,0,2
2015-05-10 08:00:00,0,2,2015-05-10,2015,5,8,0,6,Sunday,1,0,2
2015-05-10 08:15:00,0,3,2015-05-10,2015,5,8,15,6,Sunday,1,0,3
2015-05-10 08:30:00,0,19,2015-05-10,2015,5,8,30,6,Sunday,1,0,19
2015-05-10 08:45:00,15,10,2015-05-10,2015,5,8,45,6,Sunday,1,0,-5
2015-05-10 09:00:00,13,11,2015-05-10,2015,5,9,0,6,Sunday,1,0,-2
2015-05-10 09:15:00,12,8,2015-05-10,2015,5,9,15,6,Sunday,1,0,-4
2015-05-10 09:30:00,50,68,2015-05-10,2015,5,9,30,6,Sunday,1,0,18
2015-05-10 09:45:00,19,41,2015-05-10,2015,5,9,45,6,Sunday,1,0,22
2015-05-10 10:00:00,71,104,2015-05-10,2015,5,10,0,6,Sunday,1,0,33
2015-05-10 10:15:00,76,110,2015-05-10,2015,5,10,15,6,Sunday,1,0,34
2015-05-10 10:30:00,133,139,2015-05-10,2015,5,10,30,6,Sunday,1,0,6
2015-05-10 10:45:00,94,123,2015-05-10,2015,5,10,45,6,Sunday,1,0,29
2015-05-10 11:00:00,88,94,2015-05-10,2015,5,11,0,6,Sunday,1,0,6
2015-05-10 11:15:00,102,154,2015-05-10,2015,5,11,15,6,Sunday,1,0,52
2015-05-10 11:30:00,130,124,2015-05-10,2015,5,11,30,6,Sunday,1,0,-6
2015-05-10 11:45:00,145,142,2015-05-10,2015,5,11,45,6,Sunday,1,0,-3
2015-05-10 12:00:00,132,138,2015-05-10,2015,5,12,0,6,Sunday,1,0,6
2015-05-10 12:15:00,94,115,2015-05-10,2015,5,12,15,6,Sunday,1,0,21
2015-05-10 12:30:00,142,132,2015-05-10,2015,5,12,30,6,Sunday,1,0,-10
2015-05-10 12:45:00,117,95,2015-05-10,2015,5,12,45,6,Sunday,1,0,-22
2015-05-10 13:00:00,100,115,2015-05-10,2015,5,13,0,6,Sunday,1,0,15
2015-05-10 13:15:00,79,102,2015-05-10,2015,5,13,15,6,Sunday,1,0,23
2015-05-10 13:30:00,57,62,2015-05-10,2015,5,13,30,6,Sunday,1,0,5
2015-05-10 13:45:00,38,85,2015-05-10,2015,5,13,45,6,Sunday,1,0,47
2015-05-10 14:00:00,73,79,2015-05-10,2015,5,14,0,6,Sunday,1,0,6
2015-05-10 14:15:00,58,63,2015-05-10,2015,5,14,15,6,Sunday,1,0,5
2015-05-10 14:30:00,138,129,2015-05-10,2015,5,14,30,6,Sunday,1,0,-9
2015-05-10 14:45:00,113,159,2015-05-10,2015,5,14,45,6,Sunday,1,0,46
2015-05-10 15:00:00,92,90,2015-05-10,2015,5,15,0,6,Sunday,1,0,-2
2015-05-10 15:15:00,93,145,2015-05-10,2015,5,15,15,6,Sunday,1,0,52
2015-05-10 15:30:00,107,97,2015-05-10,2015,5,15,30,6,Sunday,1,0,-10
2015-05-10 15:45:00,128,138,2015-05-10,2015,5,15,45,6,Sunday,1,0,10
2015-05-10 16:00:00,81,85,2015-05-10,2015,5,16,0,6,Sunday,1,0,4
2015-05-10 16:15:00,47,52,2015-05-10,2015,5,16,15,6,Sunday,1,0,5
2015-05-10 16:30:00,63,92,2015-05-10,2015,5,16,30,6,Sunday,1,0,29
2015-05-10 16:45:00,56,70,2015-05-10,2015,5,16,45,6,Sunday,1,0,14
2015-05-10 17:00:00,21,27,2015-05-10,2015,5,17,0,6,Sunday,1,0,6
2015-05-10 17:15:00,49,58,2015-05-10,2015,5,17,15,6,Sunday,1,0,9
2015-05-10 17:30:00,25,40,2015-05-10,2015,5,17,30,6,Sunday,1,0,15
2015-05-10 17:45:00,19,25,2015-05-10,2015,5,17,45,6,Sunday,1,0,6
2015-05-10 18:00:00,0,37,2015-05-10,2015,5,18,0,6,Sunday,1,0,37
2015-05-10 18:15:00,0,14,2015-05-10,2015,5,18,15,6,Sunday,1,0,14
2015-05-10 18:30:00,0,30,2015-05-10,2015,5,18,30,6,Sunday,1,0,30
2015-05-10 18:45:00,20,28,2015-05-10,2015,5,18,45,6,Sunday,1,0,8
2015-05-10 19:00:00,35,17,2015-05-10,2015,5,19,0,6,Sunday,1,0,-18
2015-05-10 19:15:00,0,10,2015-05-10,2015,5,19,15,6,Sunday,1,0,10
2015-05-10 19:30:00,28,5,2015-05-10,2015,5,19,30,6,Sunday,1,0,-23
2015-05-10 19:45:00,27,9,2015-05-10,2015,5,19,45,6,Sunday,1,0,-18
2015-05-10 20:00:00,8,11,2015-05-10,2015,5,20,0,6,Sunday,1,0,3
2015-05-10 20:15:00,0,3,2015-05-10,2015,5,20,15,6,Sunday,1,0,3
2015-05-10 20:30:00,0,23,2015-05-10,2015,5,20,30,6,Sunday,1,0,23
2015-05-10 20:45:00,25,2,2015-05-10,2015,5,20,45,6,Sunday,1,0,-23
2015-05-10 21:15:00,0,12,2015-05-10,2015,5,21,15,6,Sunday,1,0,12
2015-05-10 22:15:00,0,1,2015-05-10,2015,5,22,15,6,Sunday,1,0,1
2015-05-10 22:30:00,0,3,2015-05-10,2015,5,22,30,6,Sunday,1,0,3
2015-05-10 23:15:00,0,2,2015-05-10,2015,5,23,15,6,Sunday,1,0,2
2015-05-11 07:30:00,4,7,2015-05-11,2015,5,7,30,0,Monday,0,0,3
2015-05-11 08:00:00,3,3,2015-05-11,2015,5,8,0,0,Monday,0,0,0
2015-05-11 08:30:00,3,6,2015-05-11,2015,5,8,30,0,Monday,0,0,3
2015-05-11 08:45:00,0,3,2015-05-11,2015,5,8,45,0,Monday,0,0,3
2015-05-11 09:00:00,1,7,2015-05-11,2015,5,9,0,0,Monday,0,0,6
2015-05-11 09:15:00,16,20,2015-05-11,2015,5,9,15,0,Monday,0,0,4
2015-05-11 09:30:00,2,11,2015-05-11,2015,5,9,30,0,Monday,0,0,9
2015-05-11 09:45:00,0,13,2015-05-11,2015,5,9,45,0,Monday,0,0,13
2015-05-11 10:00:00,17,7,2015-05-11,2015,5,10,0,0,Monday,0,0,-10
2015-05-11 10:15:00,0,10,2015-05-11,2015,5,10,15,0,Monday,0,0,10
2015-05-11 10:30:00,0,4,2015-05-11,2015,5,10,30,0,Monday,0,0,4
2015-05-11 10:45:00,9,29,2015-05-11,2015,5,10,45,0,Monday,0,0,20
2015-05-11 11:00:00,25,25,2015-05-11,2015,5,11,0,0,Monday,0,0,0
2015-05-11 11:15:00,8,20,2015-05-11,2015,5,11,15,0,Monday,0,0,12
2015-05-11 11:30:00,0,12,2015-05-11,2015,5,11,30,0,Monday,0,0,12
2015-05-11 11:45:00,36,25,2015-05-11,2015,5,11,45,0,Monday,0,0,-11
2015-05-11 12:00:00,3,5,2015-05-11,2015,5,12,0,0,Monday,0,0,2
2015-05-11 12:15:00,0,18,2015-05-11,2015,5,12,15,0,Monday,0,0,18
2015-05-11 12:30:00,9,13,2015-05-11,2015,5,12,30,0,Monday,0,0,4
2015-05-11 12:45:00,32,7,2015-05-11,2015,5,12,45,0,Monday,0,0,-25
2015-05-11 13:00:00,0,19,2015-05-11,2015,5,13,0,0,Monday,0,0,19
2015-05-11 13:15:00,16,11,2015-05-11,2015,5,13,15,0,Monday,0,0,-5
2015-05-11 13:30:00,0,24,2015-05-11,2015,5,13,30,0,Monday,0,0,24
2015-05-11 13:45:00,30,18,2015-05-11,2015,5,13,45,0,Monday,0,0,-12
2015-05-11 14:00:00,15,26,2015-05-11,2015,5,14,0,0,Monday,0,0,11
2015-05-11 14:15:00,8,6,2015-05-11,2015,5,14,15,0,Monday,0,0,-2
2015-05-11 14:30:00,23,14,2015-05-11,2015,5,14,30,0,Monday,0,0,-9
2015-05-11 14:45:00,3,13,2015-05-11,2015,5,14,45,0,Monday,0,0,10
2015-05-11 15:00:00,0,6,2015-05-11,2015,5,15,0,0,Monday,0,0,6
2015-05-11 15:15:00,28,23,2015-05-11,2015,5,15,15,0,Monday,0,0,-5
2015-05-11 15:30:00,2,29,2015-05-11,2015,5,15,30,0,Monday,0,0,27
2015-05-11 15:45:00,0,51,2015-05-11,2015,5,15,45,0,Monday,0,0,51
2015-05-11 16:00:00,0,18,2015-05-11,2015,5,16,0,0,Monday,0,0,18
2015-05-11 16:15:00,43,11,2015-05-11,2015,5,16,15,0,Monday,0,0,-32
2015-05-11 16:30:00,0,12,2015-05-11,2015,5,16,30,0,Monday,0,0,12
2015-05-11 16:45:00,0,37,2015-05-11,2015,5,16,45,0,Monday,0,0,37
2015-05-11 17:00:00,31,16,2015-05-11,2015,5,17,0,0,Monday,0,0,-15
2015-05-11 17:15:00,0,21,2015-05-11,2015,5,17,15,0,Monday,0,0,21
2015-05-11 17:30:00,0,13,2015-05-11,2015,5,17,30,0,Monday,0,0,13
2015-05-11 17:45:00,4,45,2015-05-11,2015,5,17,45,0,Monday,0,0,41
2015-05-11 18:00:00,0,19,2015-05-11,2015,5,18,0,0,Monday,0,0,19
2015-05-11 18:15:00,0,6,2015-05-11,2015,5,18,15,0,Monday,0,0,6
2015-05-11 18:30:00,0,2,2015-05-11,2015,5,18,30,0,Monday,0,0,2
2015-05-11 18:45:00,0,13,2015-05-11,2015,5,18,45,0,Monday,0,0,13
2015-05-11 19:00:00,0,2,2015-05-11,2015,5,19,0,0,Monday,0,0,2
2015-05-11 19:15:00,0,5,2015-05-11,2015,5,19,15,0,Monday,0,0,5
2015-05-11 19:30:00,0,4,2015-05-11,2015,5,19,30,0,Monday,0,0,4
2015-05-11 19:45:00,0,3,2015-05-11,2015,5,19,45,0,Monday,0,0,3
2015-05-11 20:00:00,0,1,2015-05-11,2015,5,20,0,0,Monday,0,0,1
2015-05-11 20:30:00,0,30,2015-05-11,2015,5,20,30,0,Monday,0,0,30
2015-05-11 21:00:00,0,2,2015-05-11,2015,5,21,0,0,Monday,0,0,2
2015-05-11 21:30:00,0,1,2015-05-11,2015,5,21,30,0,Monday,0,0,1
2015-05-11 21:45:00,17,0,2015-05-11,2015,5,21,45,0,Monday,0,0,-17
2015-05-11 22:00:00,0,161,2015-05-11,2015,5,22,0,0,Monday,0,0,161
2015-05-11 22:45:00,5,1,2015-05-11,2015,5,22,45,0,Monday,0,0,-4
2015-05-11 23:30:00,2,0,2015-05-11,2015,5,23,30,0,Monday,0,0,-2
2015-05-12 07:30:00,0,4,2015-05-12,2015,5,7,30,1,Tuesday,0,0,4
2015-05-12 07:45:00,0,15,2015-05-12,2015,5,7,45,1,Tuesday,0,0,15
2015-05-12 08:00:00,4,6,2015-05-12,2015,5,8,0,1,Tuesday,0,0,2
2015-05-12 08:15:00,1,0,2015-05-12,2015,5,8,15,1,Tuesday,0,0,-1
2015-05-12 08:30:00,0,36,2015-05-12,2015,5,8,30,1,Tuesday,0,0,36
2015-05-12 08:45:00,0,9,2015-05-12,2015,5,8,45,1,Tuesday,0,0,9
2015-05-12 09:00:00,0,3,2015-05-12,2015,5,9,0,1,Tuesday,0,0,3
2015-05-12 09:15:00,12,5,2015-05-12,2015,5,9,15,1,Tuesday,0,0,-7
2015-05-12 09:30:00,2,5,2015-05-12,2015,5,9,30,1,Tuesday,0,0,3
2015-05-12 09:45:00,10,8,2015-05-12,2015,5,9,45,1,Tuesday,0,0,-2
2015-05-12 10:00:00,14,30,2015-05-12,2015,5,10,0,1,Tuesday,0,0,16
2015-05-12 10:15:00,1,12,2015-05-12,2015,5,10,15,1,Tuesday,0,0,11
2015-05-12 10:30:00,8,8,2015-05-12,2015,5,10,30,1,Tuesday,0,0,0
2015-05-12 10:45:00,0,31,2015-05-12,2015,5,10,45,1,Tuesday,0,0,31
2015-05-12 11:00:00,3,47,2015-05-12,2015,5,11,0,1,Tuesday,0,0,44
2015-05-12 11:15:00,70,14,2015-05-12,2015,5,11,15,1,Tuesday,0,0,-56
2015-05-12 11:30:00,0,28,2015-05-12,2015,5,11,30,1,Tuesday,0,0,28
2015-05-12 11:45:00,24,38,2015-05-12,2015,5,11,45,1,Tuesday,0,0,14
2015-05-12 12:00:00,46,29,2015-05-12,2015,5,12,0,1,Tuesday,0,0,-17
2015-05-12 12:15:00,0,8,2015-05-12,2015,5,12,15,1,Tuesday,0,0,8
2015-05-12 12:30:00,0,18,2015-05-12,2015,5,12,30,1,Tuesday,0,0,18
2015-05-12 12:45:00,42,14,2015-05-12,2015,5,12,45,1,Tuesday,0,0,-28
2015-05-12 13:00:00,0,22,2015-05-12,2015,5,13,0,1,Tuesday,0,0,22
2015-05-12 13:15:00,37,30,2015-05-12,2015,5,13,15,1,Tuesday,0,0,-7
2015-05-12 13:30:00,10,37,2015-05-12,2015,5,13,30,1,Tuesday,0,0,27
2015-05-12 13:45:00,56,40,2015-05-12,2015,5,13,45,1,Tuesday,0,0,-16
2015-05-12 14:00:00,2,2512,2015-05-12,2015,5,14,0,1,Tuesday,0,0,2510
2015-05-12 14:15:00,5,13,2015-05-12,2015,5,14,15,1,Tuesday,0,0,8
2015-05-12 14:30:00,0,11,2015-05-12,2015,5,14,30,1,Tuesday,0,0,11
2015-05-12 14:45:00,8,8,2015-05-12,2015,5,14,45,1,Tuesday,0,0,0
2015-05-12 15:00:00,0,10,2015-05-12,2015,5,15,0,1,Tuesday,0,0,10
2015-05-12 15:15:00,0,12,2015-05-12,2015,5,15,15,1,Tuesday,0,0,12
2015-05-12 15:30:00,35,5,2015-05-12,2015,5,15,30,1,Tuesday,0,0,-30
2015-05-12 15:45:00,0,4,2015-05-12,2015,5,15,45,1,Tuesday,0,0,4
2015-05-12 16:00:00,0,419,2015-05-12,2015,5,16,0,1,Tuesday,0,0,419
2015-05-12 16:15:00,23,8,2015-05-12,2015,5,16,15,1,Tuesday,0,0,-15
2015-05-12 16:30:00,0,19,2015-05-12,2015,5,16,30,1,Tuesday,0,0,19
2015-05-12 16:45:00,0,9,2015-05-12,2015,5,16,45,1,Tuesday,0,0,9
2015-05-12 17:00:00,34,10,2015-05-12,2015,5,17,0,1,Tuesday,0,0,-24
2015-05-12 17:15:00,0,7,2015-05-12,2015,5,17,15,1,Tuesday,0,0,7
2015-05-12 17:30:00,0,11,2015-05-12,2015,5,17,30,1,Tuesday,0,0,11
2015-05-12 17:45:00,0,4,2015-05-12,2015,5,17,45,1,Tuesday,0,0,4
2015-05-12 18:00:00,15,4,2015-05-12,2015,5,18,0,1,Tuesday,0,0,-11
2015-05-12 18:15:00,0,5,2015-05-12,2015,5,18,15,1,Tuesday,0,0,5
2015-05-12 18:30:00,10,4,2015-05-12,2015,5,18,30,1,Tuesday,0,0,-6
2015-05-12 18:45:00,0,1,2015-05-12,2015,5,18,45,1,Tuesday,0,0,1
2015-05-12 19:00:00,0,12,2015-05-12,2015,5,19,0,1,Tuesday,0,0,12
2015-05-12 19:15:00,0,15,2015-05-12,2015,5,19,15,1,Tuesday,0,0,15
2015-05-12 19:30:00,21,0,2015-05-12,2015,5,19,30,1,Tuesday,0,0,-21
2015-05-12 19:45:00,0,10,2015-05-12,2015,5,19,45,1,Tuesday,0,0,10
2015-05-12 20:00:00,0,4,2015-05-12,2015,5,20,0,1,Tuesday,0,0,4
2015-05-12 20:15:00,0,5,2015-05-12,2015,5,20,15,1,Tuesday,0,0,5
2015-05-12 20:30:00,5,10,2015-05-12,2015,5,20,30,1,Tuesday,0,0,5
2015-05-12 20:45:00,12,1,2015-05-12,2015,5,20,45,1,Tuesday,0,0,-11
2015-05-12 21:15:00,0,1,2015-05-12,2015,5,21,15,1,Tuesday,0,0,1
2015-05-12 21:30:00,2,0,2015-05-12,2015,5,21,30,1,Tuesday,0,0,-2
2015-05-13 07:30:00,0,3,2015-05-13,2015,5,7,30,2,Wednesday,0,0,3
2015-05-13 07:45:00,2,11,2015-05-13,2015,5,7,45,2,Wednesday,0,0,9
2015-05-13 08:00:00,0,14,2015-05-13,2015,5,8,0,2,Wednesday,0,0,14
2015-05-13 08:15:00,3,4,2015-05-13,2015,5,8,15,2,Wednesday,0,0,1
2015-05-13 08:30:00,0,19,2015-05-13,2015,5,8,30,2,Wednesday,0,0,19
2015-05-13 08:45:00,6,2,2015-05-13,2015,5,8,45,2,Wednesday,0,0,-4
2015-05-13 09:00:00,0,43,2015-05-13,2015,5,9,0,2,Wednesday,0,0,43
2015-05-13 09:15:00,43,4,2015-05-13,2015,5,9,15,2,Wednesday,0,0,-39
2015-05-13 09:30:00,0,8,2015-05-13,2015,5,9,30,2,Wednesday,0,0,8
2015-05-13 09:45:00,2,8,2015-05-13,2015,5,9,45,2,Wednesday,0,0,6
2015-05-13 10:00:00,30,68,2015-05-13,2015,5,10,0,2,Wednesday,0,0,38
2015-05-13 10:15:00,8,39,2015-05-13,2015,5,10,15,2,Wednesday,0,0,31
2015-05-13 10:30:00,0,11,2015-05-13,2015,5,10,30,2,Wednesday,0,0,11
2015-05-13 10:45:00,0,3,2015-05-13,2015,5,10,45,2,Wednesday,0,0,3
2015-05-13 11:00:00,0,28,2015-05-13,2015,5,11,0,2,Wednesday,0,0,28
2015-05-13 11:15:00,0,24,2015-05-13,2015,5,11,15,2,Wednesday,0,0,24
2015-05-13 11:30:00,0,13,2015-05-13,2015,5,11,30,2,Wednesday,0,0,13
2015-05-13 11:45:00,137,23,2015-05-13,2015,5,11,45,2,Wednesday,0,0,-114
2015-05-13 12:00:00,0,17,2015-05-13,2015,5,12,0,2,Wednesday,0,0,17
2015-05-13 12:15:00,0,16,2015-05-13,2015,5,12,15,2,Wednesday,0,0,16
2015-05-13 12:30:00,0,31,2015-05-13,2015,5,12,30,2,Wednesday,0,0,31
2015-05-13 12:45:00,8,38,2015-05-13,2015,5,12,45,2,Wednesday,0,0,30
2015-05-13 13:00:00,0,31,2015-05-13,2015,5,13,0,2,Wednesday,0,0,31
2015-05-13 13:15:00,32,25,2015-05-13,2015,5,13,15,2,Wednesday,0,0,-7
2015-05-13 13:30:00,0,23,2015-05-13,2015,5,13,30,2,Wednesday,0,0,23
2015-05-13 13:45:00,14,25,2015-05-13,2015,5,13,45,2,Wednesday,0,0,11
2015-05-13 14:00:00,34,62,2015-05-13,2015,5,14,0,2,Wednesday,0,0,28
2015-05-13 14:15:00,11,36,2015-05-13,2015,5,14,15,2,Wednesday,0,0,25
2015-05-13 14:30:00,5,15,2015-05-13,2015,5,14,30,2,Wednesday,0,0,10
2015-05-13 14:45:00,0,22,2015-05-13,2015,5,14,45,2,Wednesday,0,0,22
2015-05-13 15:00:00,5,30,2015-05-13,2015,5,15,0,2,Wednesday,0,0,25
2015-05-13 15:15:00,0,44,2015-05-13,2015,5,15,15,2,Wednesday,0,0,44
2015-05-13 15:30:00,35,24,2015-05-13,2015,5,15,30,2,Wednesday,0,0,-11
2015-05-13 15:45:00,23,16,2015-05-13,2015,5,15,45,2,Wednesday,0,0,-7
2015-05-13 16:00:00,1,55,2015-05-13,2015,5,16,0,2,Wednesday,0,0,54
2015-05-13 16:15:00,7,27,2015-05-13,2015,5,16,15,2,Wednesday,0,0,20
2015-05-13 16:30:00,36,11,2015-05-13,2015,5,16,30,2,Wednesday,0,0,-25
2015-05-13 16:45:00,0,44,2015-05-13,2015,5,16,45,2,Wednesday,0,0,44
2015-05-13 17:00:00,72,4,2015-05-13,2015,5,17,0,2,Wednesday,0,0,-68
2015-05-13 17:15:00,0,6,2015-05-13,2015,5,17,15,2,Wednesday,0,0,6
2015-05-13 17:30:00,14,82,2015-05-13,2015,5,17,30,2,Wednesday,0,0,68
2015-05-13 17:45:00,21,5,2015-05-13,2015,5,17,45,2,Wednesday,0,0,-16
2015-05-13 18:00:00,0,17,2015-05-13,2015,5,18,0,2,Wednesday,0,0,17
2015-05-13 18:15:00,13,60,2015-05-13,2015,5,18,15,2,Wednesday,0,0,47
2015-05-13 18:30:00,25,8,2015-05-13,2015,5,18,30,2,Wednesday,0,0,-17
2015-05-13 18:45:00,0,2,2015-05-13,2015,5,18,45,2,Wednesday,0,0,2
2015-05-13 19:00:00,0,12,2015-05-13,2015,5,19,0,2,Wednesday,0,0,12
2015-05-13 19:15:00,0,5,2015-05-13,2015,5,19,15,2,Wednesday,0,0,5
2015-05-13 19:30:00,28,1,2015-05-13,2015,5,19,30,2,Wednesday,0,0,-27
2015-05-13 19:45:00,0,5,2015-05-13,2015,5,19,45,2,Wednesday,0,0,5
2015-05-13 20:00:00,0,10,2015-05-13,2015,5,20,0,2,Wednesday,0,0,10
2015-05-13 20:30:00,15,12,2015-05-13,2015,5,20,30,2,Wednesday,0,0,-3
2015-05-13 21:15:00,0,3,2015-05-13,2015,5,21,15,2,Wednesday,0,0,3
2015-05-13 21:30:00,5,10,2015-05-13,2015,5,21,30,2,Wednesday,0,0,5
2015-05-13 21:45:00,0,2,2015-05-13,2015,5,21,45,2,Wednesday,0,0,2
2015-05-13 22:00:00,0,1,2015-05-13,2015,5,22,0,2,Wednesday,0,0,1
2015-05-13 22:15:00,0,11,2015-05-13,2015,5,22,15,2,Wednesday,0,0,11
2015-05-13 22:30:00,0,3,2015-05-13,2015,5,22,30,2,Wednesday,0,0,3
2015-05-13 22:45:00,8,1,2015-05-13,2015,5,22,45,2,Wednesday,0,0,-7
2015-05-13 23:00:00,0,4,2015-05-13,2015,5,23,0,2,Wednesday,0,0,4
2015-05-14 07:15:00,1,0,2015-05-14,2015,5,7,15,3,Thursday,0,0,-1
2015-05-14 07:30:00,0,4,2015-05-14,2015,5,7,30,3,Thursday,0,0,4
2015-05-14 07:45:00,3,6,2015-05-14,2015,5,7,45,3,Thursday,0,0,3
2015-05-14 08:00:00,0,5,2015-05-14,2015,5,8,0,3,Thursday,0,0,5
2015-05-14 08:15:00,7,5,2015-05-14,2015,5,8,15,3,Thursday,0,0,-2
2015-05-14 08:30:00,0,3,2015-05-14,2015,5,8,30,3,Thursday,0,0,3
2015-05-14 08:45:00,5,15,2015-05-14,2015,5,8,45,3,Thursday,0,0,10
2015-05-14 09:00:00,0,17,2015-05-14,2015,5,9,0,3,Thursday,0,0,17
2015-05-14 09:15:00,9,8,2015-05-14,2015,5,9,15,3,Thursday,0,0,-1
2015-05-14 09:30:00,2,36,2015-05-14,2015,5,9,30,3,Thursday,0,0,34
2015-05-14 09:45:00,8,47,2015-05-14,2015,5,9,45,3,Thursday,0,0,39
2015-05-14 10:00:00,34,18,2015-05-14,2015,5,10,0,3,Thursday,0,0,-16
2015-05-14 10:15:00,13,50,2015-05-14,2015,5,10,15,3,Thursday,0,0,37
2015-05-14 10:30:00,0,91,2015-05-14,2015,5,10,30,3,Thursday,0,0,91
2015-05-14 10:45:00,38,28,2015-05-14,2015,5,10,45,3,Thursday,0,0,-10
2015-05-14 11:00:00,0,39,2015-05-14,2015,5,11,0,3,Thursday,0,0,39
2015-05-14 11:15:00,137,62,2015-05-14,2015,5,11,15,3,Thursday,0,0,-75
2015-05-14 11:30:00,47,65,2015-05-14,2015,5,11,30,3,Thursday,0,0,18
2015-05-14 11:45:00,0,48,2015-05-14,2015,5,11,45,3,Thursday,0,0,48
2015-05-14 12:00:00,0,76,2015-05-14,2015,5,12,0,3,Thursday,0,0,76
2015-05-14 12:15:00,84,69,2015-05-14,2015,5,12,15,3,Thursday,0,0,-15
2015-05-14 12:30:00,42,58,2015-05-14,2015,5,12,30,3,Thursday,0,0,16
2015-05-14 12:45:00,114,72,2015-05-14,2015,5,12,45,3,Thursday,0,0,-42
2015-05-14 13:00:00,13,57,2015-05-14,2015,5,13,0,3,Thursday,0,0,44
2015-05-14 13:15:00,117,37,2015-05-14,2015,5,13,15,3,Thursday,0,0,-80
2015-05-14 13:30:00,0,64,2015-05-14,2015,5,13,30,3,Thursday,0,0,64
2015-05-14 13:45:00,1,33,2015-05-14,2015,5,13,45,3,Thursday,0,0,32
2015-05-14 14:00:00,130,29,2015-05-14,2015,5,14,0,3,Thursday,0,0,-101
2015-05-14 14:15:00,0,72,2015-05-14,2015,5,14,15,3,Thursday,0,0,72
2015-05-14 14:30:00,0,62,2015-05-14,2015,5,14,30,3,Thursday,0,0,62
2015-05-14 14:45:00,163,59,2015-05-14,2015,5,14,45,3,Thursday,0,0,-104
2015-05-14 15:00:00,0,65,2015-05-14,2015,5,15,0,3,Thursday,0,0,65
2015-05-14 15:15:00,6,94,2015-05-14,2015,5,15,15,3,Thursday,0,0,88
2015-05-14 15:30:00,71,44,2015-05-14,2015,5,15,30,3,Thursday,0,0,-27
2015-05-14 15:45:00,107,58,2015-05-14,2015,5,15,45,3,Thursday,0,0,-49
2015-05-14 16:00:00,3,98,2015-05-14,2015,5,16,0,3,Thursday,0,0,95
2015-05-14 16:15:00,125,98,2015-05-14,2015,5,16,15,3,Thursday,0,0,-27
2015-05-14 16:30:00,0,43,2015-05-14,2015,5,16,30,3,Thursday,0,0,43
2015-05-14 16:45:00,0,109,2015-05-14,2015,5,16,45,3,Thursday,0,0,109
2015-05-14 17:00:00,143,46,2015-05-14,2015,5,17,0,3,Thursday,0,0,-97
2015-05-14 17:15:00,0,72,2015-05-14,2015,5,17,15,3,Thursday,0,0,72
2015-05-14 17:30:00,0,106,2015-05-14,2015,5,17,30,3,Thursday,0,0,106
2015-05-14 17:45:00,73,48,2015-05-14,2015,5,17,45,3,Thursday,0,0,-25
2015-05-14 18:00:00,64,36,2015-05-14,2015,5,18,0,3,Thursday,0,0,-28
2015-05-14 18:15:00,0,138,2015-05-14,2015,5,18,15,3,Thursday,0,0,138
2015-05-14 18:30:00,96,13,2015-05-14,2015,5,18,30,3,Thursday,0,0,-83
2015-05-14 18:45:00,0,11,2015-05-14,2015,5,18,45,3,Thursday,0,0,11
2015-05-14 19:00:00,0,23,2015-05-14,2015,5,19,0,3,Thursday,0,0,23
2015-05-14 19:15:00,0,38,2015-05-14,2015,5,19,15,3,Thursday,0,0,38
2015-05-14 19:30:00,70,7,2015-05-14,2015,5,19,30,3,Thursday,0,0,-63
2015-05-14 19:45:00,0,20,2015-05-14,2015,5,19,45,3,Thursday,0,0,20
2015-05-14 20:00:00,0,20,2015-05-14,2015,5,20,0,3,Thursday,0,0,20
2015-05-14 20:15:00,0,14,2015-05-14,2015,5,20,15,3,Thursday,0,0,14
2015-05-14 20:30:00,39,15,2015-05-14,2015,5,20,30,3,Thursday,0,0,-24
2015-05-14 21:00:00,0,42,2015-05-14,2015,5,21,0,3,Thursday,0,0,42
2015-05-14 21:30:00,5,63,2015-05-14,2015,5,21,30,3,Thursday,0,0,58
2015-05-14 21:45:00,1,0,2015-05-14,2015,5,21,45,3,Thursday,0,0,-1
2015-05-14 22:30:00,0,3,2015-05-14,2015,5,22,30,3,Thursday,0,0,3
2015-05-14 22:45:00,3,0,2015-05-14,2015,5,22,45,3,Thursday,0,0,-3
2015-05-14 23:00:00,0,1,2015-05-14,2015,5,23,0,3,Thursday,0,0,1
2015-05-14 23:15:00,0,3,2015-05-14,2015,5,23,15,3,Thursday,0,0,3
2015-05-15 07:30:00,0,5,2015-05-15,2015,5,7,30,4,Friday,0,0,5
2015-05-15 07:45:00,12,19,2015-05-15,2015,5,7,45,4,Friday,0,0,7
2015-05-15 08:00:00,0,5,2015-05-15,2015,5,8,0,4,Friday,0,0,5
2015-05-15 08:15:00,4,5,2015-05-15,2015,5,8,15,4,Friday,0,0,1
2015-05-15 08:30:00,0,12,2015-05-15,2015,5,8,30,4,Friday,0,0,12
2015-05-15 08:45:00,0,10,2015-05-15,2015,5,8,45,4,Friday,0,0,10
2015-05-15 09:00:00,8,9,2015-05-15,2015,5,9,0,4,Friday,0,0,1
2015-05-15 09:15:00,7,4,2015-05-15,2015,5,9,15,4,Friday,0,0,-3
2015-05-15 09:30:00,12,34,2015-05-15,2015,5,9,30,4,Friday,0,0,22
2015-05-15 09:45:00,11,25,2015-05-15,2015,5,9,45,4,Friday,0,0,14
2015-05-15 10:00:00,10,3,2015-05-15,2015,5,10,0,4,Friday,0,0,-7
2015-05-15 10:15:00,15,10,2015-05-15,2015,5,10,15,4,Friday,0,0,-5
2015-05-15 10:30:00,0,26,2015-05-15,2015,5,10,30,4,Friday,0,0,26
2015-05-15 10:45:00,26,34,2015-05-15,2015,5,10,45,4,Friday,0,0,8
2015-05-15 11:00:00,28,18,2015-05-15,2015,5,11,0,4,Friday,0,0,-10
2015-05-15 11:15:00,28,16,2015-05-15,2015,5,11,15,4,Friday,0,0,-12
2015-05-15 11:30:00,0,111,2015-05-15,2015,5,11,30,4,Friday,0,0,111
2015-05-15 11:45:00,36,66,2015-05-15,2015,5,11,45,4,Friday,0,0,30
2015-05-15 12:00:00,0,20,2015-05-15,2015,5,12,0,4,Friday,0,0,20
2015-05-15 12:15:00,47,42,2015-05-15,2015,5,12,15,4,Friday,0,0,-5
2015-05-15 12:30:00,20,50,2015-05-15,2015,5,12,30,4,Friday,0,0,30
2015-05-15 12:45:00,52,59,2015-05-15,2015,5,12,45,4,Friday,0,0,7
2015-05-15 13:00:00,19,7,2015-05-15,2015,5,13,0,4,Friday,0,0,-12
2015-05-15 13:15:00,26,24,2015-05-15,2015,5,13,15,4,Friday,0,0,-2
2015-05-15 13:30:00,0,37,2015-05-15,2015,5,13,30,4,Friday,0,0,37
2015-05-15 13:45:00,40,14,2015-05-15,2015,5,13,45,4,Friday,0,0,-26
2015-05-15 14:00:00,18,6,2015-05-15,2015,5,14,0,4,Friday,0,0,-12
2015-05-15 14:15:00,1,17,2015-05-15,2015,5,14,15,4,Friday,0,0,16
2015-05-15 14:30:00,6,18,2015-05-15,2015,5,14,30,4,Friday,0,0,12
2015-05-15 14:45:00,18,32,2015-05-15,2015,5,14,45,4,Friday,0,0,14
2015-05-15 15:00:00,6,12,2015-05-15,2015,5,15,0,4,Friday,0,0,6
2015-05-15 15:15:00,34,8,2015-05-15,2015,5,15,15,4,Friday,0,0,-26
2015-05-15 15:30:00,7,9,2015-05-15,2015,5,15,30,4,Friday,0,0,2
2015-05-15 15:45:00,2,13,2015-05-15,2015,5,15,45,4,Friday,0,0,11
2015-05-15 16:00:00,2,12,2015-05-15,2015,5,16,0,4,Friday,0,0,10
2015-05-15 16:15:00,2,18,2015-05-15,2015,5,16,15,4,Friday,0,0,16
2015-05-15 16:30:00,0,5,2015-05-15,2015,5,16,30,4,Friday,0,0,5
2015-05-15 16:45:00,0,47,2015-05-15,2015,5,16,45,4,Friday,0,0,47
2015-05-15 17:00:00,0,26,2015-05-15,2015,5,17,0,4,Friday,0,0,26
2015-05-15 17:15:00,41,3,2015-05-15,2015,5,17,15,4,Friday,0,0,-38
2015-05-15 17:30:00,0,30,2015-05-15,2015,5,17,30,4,Friday,0,0,30
2015-05-15 17:45:00,10,2,2015-05-15,2015,5,17,45,4,Friday,0,0,-8
2015-05-15 18:00:00,0,4,2015-05-15,2015,5,18,0,4,Friday,0,0,4
2015-05-15 18:15:00,0,18,2015-05-15,2015,5,18,15,4,Friday,0,0,18
2015-05-15 18:30:00,0,9,2015-05-15,2015,5,18,30,4,Friday,0,0,9
2015-05-15 18:45:00,0,3,2015-05-15,2015,5,18,45,4,Friday,0,0,3
2015-05-15 19:00:00,0,12,2015-05-15,2015,5,19,0,4,Friday,0,0,12
2015-05-15 19:30:00,0,7,2015-05-15,2015,5,19,30,4,Friday,0,0,7
2015-05-15 19:45:00,8,45,2015-05-15,2015,5,19,45,4,Friday,0,0,37
2015-05-15 20:00:00,19,8,2015-05-15,2015,5,20,0,4,Friday,0,0,-11
2015-05-15 20:15:00,9,21,2015-05-15,2015,5,20,15,4,Friday,0,0,12
2015-05-15 20:30:00,0,7,2015-05-15,2015,5,20,30,4,Friday,0,0,7
2015-05-15 20:45:00,0,2,2015-05-15,2015,5,20,45,4,Friday,0,0,2
2015-05-15 21:00:00,0,3,2015-05-15,2015,5,21,0,4,Friday,0,0,3
2015-05-15 21:15:00,0,14,2015-05-15,2015,5,21,15,4,Friday,0,0,14
2015-05-15 21:30:00,48,4,2015-05-15,2015,5,21,30,4,Friday,0,0,-44
2015-05-15 21:45:00,0,72,2015-05-15,2015,5,21,45,4,Friday,0,0,72
2015-05-15 22:00:00,0,4,2015-05-15,2015,5,22,0,4,Friday,0,0,4
2015-05-15 22:30:00,0,1,2015-05-15,2015,5,22,30,4,Friday,0,0,1
2015-05-15 22:45:00,3,0,2015-05-15,2015,5,22,45,4,Friday,0,0,-3
2015-05-15 23:00:00,0,1,2015-05-15,2015,5,23,0,4,Friday,0,0,1
2015-05-15 23:15:00,0,4,2015-05-15,2015,5,23,15,4,Friday,0,0,4
2015-05-16 07:30:00,0,3,2015-05-16,2015,5,7,30,5,Saturday,1,0,3
2015-05-16 07:45:00,0,25,2015-05-16,2015,5,7,45,5,Saturday,1,0,25
2015-05-16 08:00:00,0,15,2015-05-16,2015,5,8,0,5,Saturday,1,0,15
2015-05-16 08:15:00,2,23,2015-05-16,2015,5,8,15,5,Saturday,1,0,21
2015-05-16 08:30:00,39,9,2015-05-16,2015,5,8,30,5,Saturday,1,0,-30
2015-05-16 08:45:00,13,16,2015-05-16,2015,5,8,45,5,Saturday,1,0,3
2015-05-16 09:00:00,17,73,2015-05-16,2015,5,9,0,5,Saturday,1,0,56
2015-05-16 09:15:00,0,77,2015-05-16,2015,5,9,15,5,Saturday,1,0,77
2015-05-16 09:30:00,14,53,2015-05-16,2015,5,9,30,5,Saturday,1,0,39
2015-05-16 09:45:00,68,102,2015-05-16,2015,5,9,45,5,Saturday,1,0,34
2015-05-16 10:00:00,224,131,2015-05-16,2015,5,10,0,5,Saturday,1,0,-93
2015-05-16 10:15:00,147,147,2015-05-16,2015,5,10,15,5,Saturday,1,0,0
2015-05-16 10:30:00,60,203,2015-05-16,2015,5,10,30,5,Saturday,1,0,143
2015-05-16 10:45:00,161,238,2015-05-16,2015,5,10,45,5,Saturday,1,0,77
2015-05-16 11:00:00,160,225,2015-05-16,2015,5,11,0,5,Saturday,1,0,65
2015-05-16 11:15:00,288,286,2015-05-16,2015,5,11,15,5,Saturday,1,0,-2
2015-05-16 11:30:00,138,329,2015-05-16,2015,5,11,30,5,Saturday,1,0,191
2015-05-16 11:45:00,122,251,2015-05-16,2015,5,11,45,5,Saturday,1,0,129
2015-05-16 12:00:00,261,152,2015-05-16,2015,5,12,0,5,Saturday,1,0,-109
2015-05-16 12:15:00,349,121,2015-05-16,2015,5,12,15,5,Saturday,1,0,-228
2015-05-16 12:30:00,144,249,2015-05-16,2015,5,12,30,5,Saturday,1,0,105
2015-05-16 12:45:00,125,188,2015-05-16,2015,5,12,45,5,Saturday,1,0,63
2015-05-16 13:00:00,136,227,2015-05-16,2015,5,13,0,5,Saturday,1,0,91
2015-05-16 13:15:00,200,287,2015-05-16,2015,5,13,15,5,Saturday,1,0,87
2015-05-16 13:30:00,41,260,2015-05-16,2015,5,13,30,5,Saturday,1,0,219
2015-05-16 13:45:00,179,259,2015-05-16,2015,5,13,45,5,Saturday,1,0,80
2015-05-16 14:00:00,200,253,2015-05-16,2015,5,14,0,5,Saturday,1,0,53
2015-05-16 14:15:00,184,276,2015-05-16,2015,5,14,15,5,Saturday,1,0,92
2015-05-16 14:30:00,187,324,2015-05-16,2015,5,14,30,5,Saturday,1,0,137
2015-05-16 14:45:00,165,270,2015-05-16,2015,5,14,45,5,Saturday,1,0,105
2015-05-16 15:00:00,241,281,2015-05-16,2015,5,15,0,5,Saturday,1,0,40
2015-05-16 15:15:00,0,210,2015-05-16,2015,5,15,15,5,Saturday,1,0,210
2015-05-16 15:30:00,0,230,2015-05-16,2015,5,15,30,5,Saturday,1,0,230
2015-05-16 15:45:00,197,177,2015-05-16,2015,5,15,45,5,Saturday,1,0,-20
2015-05-16 16:00:00,159,239,2015-05-16,2015,5,16,0,5,Saturday,1,0,80
2015-05-16 16:15:00,188,206,2015-05-16,2015,5,16,15,5,Saturday,1,0,18
2015-05-16 16:30:00,223,148,2015-05-16,2015,5,16,30,5,Saturday,1,0,-75
2015-05-16 16:45:00,278,57,2015-05-16,2015,5,16,45,5,Saturday,1,0,-221
2015-05-16 17:00:00,0,93,2015-05-16,2015,5,17,0,5,Saturday,1,0,93
2015-05-16 17:15:00,183,120,2015-05-16,2015,5,17,15,5,Saturday,1,0,-63
2015-05-16 17:30:00,76,110,2015-05-16,2015,5,17,30,5,Saturday,1,0,34
2015-05-16 17:45:00,17,66,2015-05-16,2015,5,17,45,5,Saturday,1,0,49
2015-05-16 18:00:00,2,89,2015-05-16,2015,5,18,0,5,Saturday,1,0,87
2015-05-16 18:15:00,98,36,2015-05-16,2015,5,18,15,5,Saturday,1,0,-62
2015-05-16 18:30:00,30,43,2015-05-16,2015,5,18,30,5,Saturday,1,0,13
2015-05-16 18:45:00,25,45,2015-05-16,2015,5,18,45,5,Saturday,1,0,20
2015-05-16 19:00:00,45,57,2015-05-16,2015,5,19,0,5,Saturday,1,0,12
2015-05-16 19:15:00,53,60,2015-05-16,2015,5,19,15,5,Saturday,1,0,7
2015-05-16 19:30:00,261,48,2015-05-16,2015,5,19,30,5,Saturday,1,0,-213
2015-05-16 19:45:00,85,68,2015-05-16,2015,5,19,45,5,Saturday,1,0,-17
2015-05-16 20:00:00,19,47,2015-05-16,2015,5,20,0,5,Saturday,1,0,28
2015-05-16 20:15:00,8,10,2015-05-16,2015,5,20,15,5,Saturday,1,0,2
2015-05-16 20:30:00,65,14,2015-05-16,2015,5,20,30,5,Saturday,1,0,-51
2015-05-16 20:45:00,345,12,2015-05-16,2015,5,20,45,5,Saturday,1,0,-333
2015-05-16 21:00:00,66,40,2015-05-16,2015,5,21,0,5,Saturday,1,0,-26
2015-05-16 21:15:00,238,15,2015-05-16,2015,5,21,15,5,Saturday,1,0,-223
2015-05-16 21:30:00,262,3,2015-05-16,2015,5,21,30,5,Saturday,1,0,-259
2015-05-16 21:45:00,60,23,2015-05-16,2015,5,21,45,5,Saturday,1,0,-37
2015-05-16 22:00:00,25,6,2015-05-16,2015,5,22,0,5,Saturday,1,0,-19
2015-05-16 22:15:00,22,2,2015-05-16,2015,5,22,15,5,Saturday,1,0,-20
2015-05-16 22:30:00,44,0,2015-05-16,2015,5,22,30,5,Saturday,1,0,-44
2015-05-16 22:45:00,7,1,2015-05-16,2015,5,22,45,5,Saturday,1,0,-6
2015-05-16 23:00:00,9,9,2015-05-16,2015,5,23,0,5,Saturday,1,0,0
2015-05-16 23:15:00,3,3,2015-05-16,2015,5,23,15,5,Saturday,1,0,0
2015-05-17 07:45:00,0,28,2015-05-17,2015,5,7,45,6,Sunday,1,0,28
2015-05-17 08:00:00,8,18,2015-05-17,2015,5,8,0,6,Sunday,1,0,10
2015-05-17 08:15:00,0,19,2015-05-17,2015,5,8,15,6,Sunday,1,0,19
2015-05-17 08:45:00,21,33,2015-05-17,2015,5,8,45,6,Sunday,1,0,12
2015-05-17 09:00:00,32,35,2015-05-17,2015,5,9,0,6,Sunday,1,0,3
2015-05-17 09:15:00,2,28,2015-05-17,2015,5,9,15,6,Sunday,1,0,26
2015-05-17 09:30:00,36,83,2015-05-17,2015,5,9,30,6,Sunday,1,0,47
2015-05-17 09:45:00,53,141,2015-05-17,2015,5,9,45,6,Sunday,1,0,88
2015-05-17 10:00:00,69,184,2015-05-17,2015,5,10,0,6,Sunday,1,0,115
2015-05-17 10:15:00,119,179,2015-05-17,2015,5,10,15,6,Sunday,1,0,60
2015-05-17 10:30:00,119,276,2015-05-17,2015,5,10,30,6,Sunday,1,0,157
2015-05-17 10:45:00,49,203,2015-05-17,2015,5,10,45,6,Sunday,1,0,154
2015-05-17 11:00:00,106,226,2015-05-17,2015,5,11,0,6,Sunday,1,0,120
2015-05-17 11:15:00,203,201,2015-05-17,2015,5,11,15,6,Sunday,1,0,-2
2015-05-17 11:30:00,146,266,2015-05-17,2015,5,11,30,6,Sunday,1,0,120
2015-05-17 11:45:00,129,131,2015-05-17,2015,5,11,45,6,Sunday,1,0,2
2015-05-17 12:00:00,32,216,2015-05-17,2015,5,12,0,6,Sunday,1,0,184
2015-05-17 12:15:00,115,307,2015-05-17,2015,5,12,15,6,Sunday,1,0,192
2015-05-17 12:30:00,208,332,2015-05-17,2015,5,12,30,6,Sunday,1,0,124
2015-05-17 12:45:00,141,269,2015-05-17,2015,5,12,45,6,Sunday,1,0,128
2015-05-17 13:00:00,121,374,2015-05-17,2015,5,13,0,6,Sunday,1,0,253
2015-05-17 13:15:00,0,381,2015-05-17,2015,5,13,15,6,Sunday,1,0,381
2015-05-17 13:30:00,0,249,2015-05-17,2015,5,13,30,6,Sunday,1,0,249
2015-05-17 13:45:00,0,281,2015-05-17,2015,5,13,45,6,Sunday,1,0,281
2015-05-17 14:00:00,0,336,2015-05-17,2015,5,14,0,6,Sunday,1,0,336
2015-05-17 14:15:00,117,260,2015-05-17,2015,5,14,15,6,Sunday,1,0,143
2015-05-17 14:30:00,215,232,2015-05-17,2015,5,14,30,6,Sunday,1,0,17
2015-05-17 14:45:00,248,229,2015-05-17,2015,5,14,45,6,Sunday,1,0,-19
2015-05-17 15:00:00,117,226,2015-05-17,2015,5,15,0,6,Sunday,1,0,109
2015-05-17 15:15:00,0,230,2015-05-17,2015,5,15,15,6,Sunday,1,0,230
2015-05-17 15:30:00,197,170,2015-05-17,2015,5,15,30,6,Sunday,1,0,-27
2015-05-17 15:45:00,354,188,2015-05-17,2015,5,15,45,6,Sunday,1,0,-166
2015-05-17 16:00:00,327,155,2015-05-17,2015,5,16,0,6,Sunday,1,0,-172
2015-05-17 16:15:00,0,162,2015-05-17,2015,5,16,15,6,Sunday,1,0,162
2015-05-17 16:30:00,0,173,2015-05-17,2015,5,16,30,6,Sunday,1,0,173
2015-05-17 16:45:00,0,189,2015-05-17,2015,5,16,45,6,Sunday,1,0,189
2015-05-17 17:00:00,0,262,2015-05-17,2015,5,17,0,6,Sunday,1,0,262
2015-05-17 17:15:00,0,153,2015-05-17,2015,5,17,15,6,Sunday,1,0,153
2015-05-17 17:30:00,0,94,2015-05-17,2015,5,17,30,6,Sunday,1,0,94
2015-05-17 17:45:00,0,101,2015-05-17,2015,5,17,45,6,Sunday,1,0,101
2015-05-17 18:00:00,0,108,2015-05-17,2015,5,18,0,6,Sunday,1,0,108
2015-05-17 18:15:00,0,56,2015-05-17,2015,5,18,15,6,Sunday,1,0,56
2015-05-17 18:30:00,0,81,2015-05-17,2015,5,18,30,6,Sunday,1,0,81
2015-05-17 18:45:00,22,91,2015-05-17,2015,5,18,45,6,Sunday,1,0,69
2015-05-17 19:00:00,0,56,2015-05-17,2015,5,19,0,6,Sunday,1,0,56
2015-05-17 19:15:00,0,77,2015-05-17,2015,5,19,15,6,Sunday,1,0,77
2015-05-17 19:30:00,27,0,2015-05-17,2015,5,19,30,6,Sunday,1,0,-27
2015-05-17 20:00:00,0,30,2015-05-17,2015,5,20,0,6,Sunday,1,0,30
2015-05-17 20:15:00,0,12,2015-05-17,2015,5,20,15,6,Sunday,1,0,12
2015-05-17 20:30:00,0,6,2015-05-17,2015,5,20,30,6,Sunday,1,0,6
2015-05-17 20:45:00,290,14,2015-05-17,2015,5,20,45,6,Sunday,1,0,-276
2015-05-17 21:00:00,340,11,2015-05-17,2015,5,21,0,6,Sunday,1,0,-329
2015-05-17 21:15:00,151,9,2015-05-17,2015,5,21,15,6,Sunday,1,0,-142
2015-05-17 21:30:00,367,9,2015-05-17,2015,5,21,30,6,Sunday,1,0,-358
2015-05-17 21:45:00,60,10,2015-05-17,2015,5,21,45,6,Sunday,1,0,-50
2015-05-17 22:00:00,349,15,2015-05-17,2015,5,22,0,6,Sunday,1,0,-334
2015-05-17 22:15:00,487,35,2015-05-17,2015,5,22,15,6,Sunday,1,0,-452
2015-05-17 22:30:00,575,5,2015-05-17,2015,5,22,30,6,Sunday,1,0,-570
2015-05-17 22:45:00,712,0,2015-05-17,2015,5,22,45,6,Sunday,1,0,-712
2015-05-17 23:00:00,425,0,2015-05-17,2015,5,23,0,6,Sunday,1,0,-425
2015-05-17 23:15:00,0,4,2015-05-17,2015,5,23,15,6,Sunday,1,0,4
2015-05-18 00:30:00,4,0,2015-05-18,2015,5,0,30,0,Monday,0,0,-4
2015-05-18 07:30:00,8,8,2015-05-18,2015,5,7,30,0,Monday,0,0,0
2015-05-18 07:45:00,7,8,2015-05-18,2015,5,7,45,0,Monday,0,0,1
2015-05-18 08:00:00,51,50,2015-05-18,2015,5,8,0,0,Monday,0,0,-1
2015-05-18 08:15:00,1,3,2015-05-18,2015,5,8,15,0,Monday,0,0,2
2015-05-18 08:30:00,14,26,2015-05-18,2015,5,8,30,0,Monday,0,0,12
2015-05-18 08:45:00,20,43,2015-05-18,2015,5,8,45,0,Monday,0,0,23
2015-05-18 09:00:00,31,49,2015-05-18,2015,5,9,0,0,Monday,0,0,18
2015-05-18 09:15:00,51,50,2015-05-18,2015,5,9,15,0,Monday,0,0,-1
2015-05-18 09:30:00,99,114,2015-05-18,2015,5,9,30,0,Monday,0,0,15
2015-05-18 09:45:00,98,143,2015-05-18,2015,5,9,45,0,Monday,0,0,45
2015-05-18 10:00:00,32,145,2015-05-18,2015,5,10,0,0,Monday,0,0,113
2015-05-18 10:15:00,264,154,2015-05-18,2015,5,10,15,0,Monday,0,0,-110
2015-05-18 10:30:00,181,219,2015-05-18,2015,5,10,30,0,Monday,0,0,38
2015-05-18 10:45:00,178,233,2015-05-18,2015,5,10,45,0,Monday,0,0,55
2015-05-18 11:00:00,47,234,2015-05-18,2015,5,11,0,0,Monday,0,0,187
2015-05-18 11:15:00,164,206,2015-05-18,2015,5,11,15,0,Monday,0,0,42
2015-05-18 11:30:00,392,179,2015-05-18,2015,5,11,30,0,Monday,0,0,-213
2015-05-18 11:45:00,278,311,2015-05-18,2015,5,11,45,0,Monday,0,0,33
2015-05-18 12:00:00,284,351,2015-05-18,2015,5,12,0,0,Monday,0,0,67
2015-05-18 12:15:00,64,372,2015-05-18,2015,5,12,15,0,Monday,0,0,308
2015-05-18 12:30:00,345,1277,2015-05-18,2015,5,12,30,0,Monday,0,0,932
2015-05-18 12:45:00,199,267,2015-05-18,2015,5,12,45,0,Monday,0,0,68
2015-05-18 13:00:00,0,298,2015-05-18,2015,5,13,0,0,Monday,0,0,298
2015-05-18 13:15:00,203,264,2015-05-18,2015,5,13,15,0,Monday,0,0,61
2015-05-18 13:30:00,199,217,2015-05-18,2015,5,13,30,0,Monday,0,0,18
2015-05-18 13:45:00,63,222,2015-05-18,2015,5,13,45,0,Monday,0,0,159
2015-05-18 14:00:00,0,259,2015-05-18,2015,5,14,0,0,Monday,0,0,259
2015-05-18 14:15:00,0,218,2015-05-18,2015,5,14,15,0,Monday,0,0,218
2015-05-18 14:30:00,163,245,2015-05-18,2015,5,14,30,0,Monday,0,0,82
2015-05-18 14:45:00,17,175,2015-05-18,2015,5,14,45,0,Monday,0,0,158
2015-05-18 15:00:00,0,210,2015-05-18,2015,5,15,0,0,Monday,0,0,210
2015-05-18 15:15:00,0,208,2015-05-18,2015,5,15,15,0,Monday,0,0,208
2015-05-18 15:30:00,5,227,2015-05-18,2015,5,15,30,0,Monday,0,0,222
2015-05-18 15:45:00,0,224,2015-05-18,2015,5,15,45,0,Monday,0,0,224
2015-05-18 16:00:00,47,249,2015-05-18,2015,5,16,0,0,Monday,0,0,202
2015-05-18 16:15:00,53,219,2015-05-18,2015,5,16,15,0,Monday,0,0,166
2015-05-18 16:30:00,0,236,2015-05-18,2015,5,16,30,0,Monday,0,0,236
2015-05-18 16:45:00,0,208,2015-05-18,2015,5,16,45,0,Monday,0,0,208
2015-05-18 17:00:00,0,182,2015-05-18,2015,5,17,0,0,Monday,0,0,182
2015-05-18 17:15:00,0,168,2015-05-18,2015,5,17,15,0,Monday,0,0,168
2015-05-18 17:30:00,0,125,2015-05-18,2015,5,17,30,0,Monday,0,0,125
2015-05-18 17:45:00,0,148,2015-05-18,2015,5,17,45,0,Monday,0,0,148
2015-05-18 18:00:00,0,109,2015-05-18,2015,5,18,0,0,Monday,0,0,109
2015-05-18 18:15:00,0,140,2015-05-18,2015,5,18,15,0,Monday,0,0,140
2015-05-18 18:30:00,0,44,2015-05-18,2015,5,18,30,0,Monday,0,0,44
2015-05-18 18:45:00,0,26,2015-05-18,2015,5,18,45,0,Monday,0,0,26
2015-05-18 19:00:00,0,8,2015-05-18,2015,5,19,0,0,Monday,0,0,8
2015-05-18 19:15:00,47,0,2015-05-18,2015,5,19,15,0,Monday,0,0,-47
2015-05-18 19:30:00,65,0,2015-05-18,2015,5,19,30,0,Monday,0,0,-65
2015-05-18 19:45:00,117,0,2015-05-18,2015,5,19,45,0,Monday,0,0,-117
2015-05-18 20:00:00,0,18,2015-05-18,2015,5,20,0,0,Monday,0,0,18
2015-05-18 20:15:00,282,28,2015-05-18,2015,5,20,15,0,Monday,0,0,-254
2015-05-18 20:30:00,13,4,2015-05-18,2015,5,20,30,0,Monday,0,0,-9
2015-05-18 20:45:00,320,22,2015-05-18,2015,5,20,45,0,Monday,0,0,-298
2015-05-18 21:00:00,447,13,2015-05-18,2015,5,21,0,0,Monday,0,0,-434
2015-05-18 21:15:00,431,36,2015-05-18,2015,5,21,15,0,Monday,0,0,-395
2015-05-18 21:30:00,511,15,2015-05-18,2015,5,21,30,0,Monday,0,0,-496
2015-05-18 21:45:00,60,8,2015-05-18,2015,5,21,45,0,Monday,0,0,-52
2015-05-18 22:00:00,8,14,2015-05-18,2015,5,22,0,0,Monday,0,0,6
2015-05-18 22:15:00,641,1,2015-05-18,2015,5,22,15,0,Monday,0,0,-640
2015-05-18 22:30:00,305,0,2015-05-18,2015,5,22,30,0,Monday,0,0,-305
2015-05-18 22:45:00,34,10,2015-05-18,2015,5,22,45,0,Monday,0,0,-24
2015-05-18 23:00:00,407,4,2015-05-18,2015,5,23,0,0,Monday,0,0,-403
2015-05-19 07:30:00,1,2,2015-05-19,2015,5,7,30,1,Tuesday,0,0,1
2015-05-19 07:45:00,7,18,2015-05-19,2015,5,7,45,1,Tuesday,0,0,11
2015-05-19 08:00:00,9,9,2015-05-19,2015,5,8,0,1,Tuesday,0,0,0
2015-05-19 08:15:00,18,14,2015-05-19,2015,5,8,15,1,Tuesday,0,0,-4
2015-05-19 08:30:00,15,15,2015-05-19,2015,5,8,30,1,Tuesday,0,0,0
2015-05-19 08:45:00,54,14,2015-05-19,2015,5,8,45,1,Tuesday,0,0,-40
2015-05-19 09:00:00,71,13,2015-05-19,2015,5,9,0,1,Tuesday,0,0,-58
2015-05-19 09:15:00,114,10,2015-05-19,2015,5,9,15,1,Tuesday,0,0,-104
2015-05-19 09:30:00,53,21,2015-05-19,2015,5,9,30,1,Tuesday,0,0,-32
2015-05-19 09:45:00,66,21,2015-05-19,2015,5,9,45,1,Tuesday,0,0,-45
2015-05-19 10:00:00,26,28,2015-05-19,2015,5,10,0,1,Tuesday,0,0,2
2015-05-19 10:15:00,30,42,2015-05-19,2015,5,10,15,1,Tuesday,0,0,12
2015-05-19 10:30:00,43,43,2015-05-19,2015,5,10,30,1,Tuesday,0,0,0
2015-05-19 10:45:00,22,26,2015-05-19,2015,5,10,45,1,Tuesday,0,0,4
2015-05-19 11:00:00,5,42,2015-05-19,2015,5,11,0,1,Tuesday,0,0,37
2015-05-19 11:15:00,88,31,2015-05-19,2015,5,11,15,1,Tuesday,0,0,-57
2015-05-19 11:30:00,106,48,2015-05-19,2015,5,11,30,1,Tuesday,0,0,-58
2015-05-19 11:45:00,15,35,2015-05-19,2015,5,11,45,1,Tuesday,0,0,20
2015-05-19 12:00:00,7,77,2015-05-19,2015,5,12,0,1,Tuesday,0,0,70
2015-05-19 12:15:00,0,50,2015-05-19,2015,5,12,15,1,Tuesday,0,0,50
2015-05-19 12:30:00,0,84,2015-05-19,2015,5,12,30,1,Tuesday,0,0,84
2015-05-19 12:45:00,76,58,2015-05-19,2015,5,12,45,1,Tuesday,0,0,-18
2015-05-19 13:00:00,129,79,2015-05-19,2015,5,13,0,1,Tuesday,0,0,-50
2015-05-19 13:15:00,175,62,2015-05-19,2015,5,13,15,1,Tuesday,0,0,-113
2015-05-19 13:30:00,142,72,2015-05-19,2015,5,13,30,1,Tuesday,0,0,-70
2015-05-19 13:45:00,61,67,2015-05-19,2015,5,13,45,1,Tuesday,0,0,6
2015-05-19 14:00:00,35,55,2015-05-19,2015,5,14,0,1,Tuesday,0,0,20
2015-05-19 14:15:00,0,62,2015-05-19,2015,5,14,15,1,Tuesday,0,0,62
2015-05-19 14:30:00,0,23,2015-05-19,2015,5,14,30,1,Tuesday,0,0,23
2015-05-19 14:45:00,91,52,2015-05-19,2015,5,14,45,1,Tuesday,0,0,-39
2015-05-19 15:00:00,115,30,2015-05-19,2015,5,15,0,1,Tuesday,0,0,-85
2015-05-19 15:15:00,26,31,2015-05-19,2015,5,15,15,1,Tuesday,0,0,5
2015-05-19 15:30:00,4,16,2015-05-19,2015,5,15,30,1,Tuesday,0,0,12
2015-05-19 15:45:00,30,47,2015-05-19,2015,5,15,45,1,Tuesday,0,0,17
2015-05-19 16:00:00,4,33,2015-05-19,2015,5,16,0,1,Tuesday,0,0,29
2015-05-19 16:15:00,0,34,2015-05-19,2015,5,16,15,1,Tuesday,0,0,34
2015-05-19 16:30:00,0,3017,2015-05-19,2015,5,16,30,1,Tuesday,0,0,3017
2015-05-19 16:45:00,0,21,2015-05-19,2015,5,16,45,1,Tuesday,0,0,21
2015-05-19 17:00:00,0,37,2015-05-19,2015,5,17,0,1,Tuesday,0,0,37
2015-05-19 17:15:00,0,12,2015-05-19,2015,5,17,15,1,Tuesday,0,0,12
2015-05-19 17:30:00,0,8,2015-05-19,2015,5,17,30,1,Tuesday,0,0,8
2015-05-19 17:45:00,0,12,2015-05-19,2015,5,17,45,1,Tuesday,0,0,12
2015-05-19 18:00:00,0,15,2015-05-19,2015,5,18,0,1,Tuesday,0,0,15
2015-05-19 18:15:00,0,18,2015-05-19,2015,5,18,15,1,Tuesday,0,0,18
2015-05-19 18:30:00,0,9,2015-05-19,2015,5,18,30,1,Tuesday,0,0,9
2015-05-19 18:45:00,0,5,2015-05-19,2015,5,18,45,1,Tuesday,0,0,5
2015-05-19 19:00:00,0,10,2015-05-19,2015,5,19,0,1,Tuesday,0,0,10
2015-05-19 19:15:00,0,1,2015-05-19,2015,5,19,15,1,Tuesday,0,0,1
2015-05-19 19:45:00,4,1,2015-05-19,2015,5,19,45,1,Tuesday,0,0,-3
2015-05-19 20:00:00,165,0,2015-05-19,2015,5,20,0,1,Tuesday,0,0,-165
2015-05-19 20:15:00,0,3,2015-05-19,2015,5,20,15,1,Tuesday,0,0,3
2015-05-19 20:30:00,0,4,2015-05-19,2015,5,20,30,1,Tuesday,0,0,4
2015-05-19 21:00:00,0,2,2015-05-19,2015,5,21,0,1,Tuesday,0,0,2
2015-05-19 21:15:00,25,0,2015-05-19,2015,5,21,15,1,Tuesday,0,0,-25
2015-05-19 21:30:00,0,2,2015-05-19,2015,5,21,30,1,Tuesday,0,0,2
2015-05-19 21:45:00,0,3,2015-05-19,2015,5,21,45,1,Tuesday,0,0,3
2015-05-19 22:00:00,2,3,2015-05-19,2015,5,22,0,1,Tuesday,0,0,1
2015-05-19 22:15:00,6,0,2015-05-19,2015,5,22,15,1,Tuesday,0,0,-6
2015-05-19 22:30:00,0,1,2015-05-19,2015,5,22,30,1,Tuesday,0,0,1
2015-05-19 22:45:00,20,1,2015-05-19,2015,5,22,45,1,Tuesday,0,0,-19
2015-05-19 23:00:00,1,21,2015-05-19,2015,5,23,0,1,Tuesday,0,0,20
2015-05-19 23:30:00,1,0,2015-05-19,2015,5,23,30,1,Tuesday,0,0,-1
2015-05-20 07:30:00,1,1,2015-05-20,2015,5,7,30,2,Wednesday,0,0,0
2015-05-20 07:45:00,9,7,2015-05-20,2015,5,7,45,2,Wednesday,0,0,-2
2015-05-20 08:00:00,7,7,2015-05-20,2015,5,8,0,2,Wednesday,0,0,0
2015-05-20 08:15:00,4,11,2015-05-20,2015,5,8,15,2,Wednesday,0,0,7
2015-05-20 08:30:00,0,4,2015-05-20,2015,5,8,30,2,Wednesday,0,0,4
2015-05-20 08:45:00,0,3,2015-05-20,2015,5,8,45,2,Wednesday,0,0,3
2015-05-20 09:00:00,10,14,2015-05-20,2015,5,9,0,2,Wednesday,0,0,4
2015-05-20 09:15:00,12,4,2015-05-20,2015,5,9,15,2,Wednesday,0,0,-8
2015-05-20 09:30:00,64,15,2015-05-20,2015,5,9,30,2,Wednesday,0,0,-49
2015-05-20 09:45:00,48,6,2015-05-20,2015,5,9,45,2,Wednesday,0,0,-42
2015-05-20 10:00:00,97,7,2015-05-20,2015,5,10,0,2,Wednesday,0,0,-90
2015-05-20 10:15:00,146,14,2015-05-20,2015,5,10,15,2,Wednesday,0,0,-132
2015-05-20 10:30:00,285,103,2015-05-20,2015,5,10,30,2,Wednesday,0,0,-182
2015-05-20 10:45:00,83,28,2015-05-20,2015,5,10,45,2,Wednesday,0,0,-55
2015-05-20 11:00:00,36,39,2015-05-20,2015,5,11,0,2,Wednesday,0,0,3
2015-05-20 11:15:00,180,32,2015-05-20,2015,5,11,15,2,Wednesday,0,0,-148
2015-05-20 11:30:00,147,43,2015-05-20,2015,5,11,30,2,Wednesday,0,0,-104
2015-05-20 11:45:00,194,37,2015-05-20,2015,5,11,45,2,Wednesday,0,0,-157
2015-05-20 12:00:00,105,27,2015-05-20,2015,5,12,0,2,Wednesday,0,0,-78
2015-05-20 12:15:00,49,95,2015-05-20,2015,5,12,15,2,Wednesday,0,0,46
2015-05-20 12:30:00,156,45,2015-05-20,2015,5,12,30,2,Wednesday,0,0,-111
2015-05-20 12:45:00,164,33,2015-05-20,2015,5,12,45,2,Wednesday,0,0,-131
2015-05-20 13:00:00,184,49,2015-05-20,2015,5,13,0,2,Wednesday,0,0,-135
2015-05-20 13:15:00,49,26,2015-05-20,2015,5,13,15,2,Wednesday,0,0,-23
2015-05-20 13:30:00,0,40,2015-05-20,2015,5,13,30,2,Wednesday,0,0,40
2015-05-20 13:45:00,79,34,2015-05-20,2015,5,13,45,2,Wednesday,0,0,-45
2015-05-20 14:00:00,56,54,2015-05-20,2015,5,14,0,2,Wednesday,0,0,-2
2015-05-20 14:15:00,26,34,2015-05-20,2015,5,14,15,2,Wednesday,0,0,8
2015-05-20 14:30:00,35,35,2015-05-20,2015,5,14,30,2,Wednesday,0,0,0
2015-05-20 14:45:00,30,34,2015-05-20,2015,5,14,45,2,Wednesday,0,0,4
2015-05-20 15:00:00,0,23,2015-05-20,2015,5,15,0,2,Wednesday,0,0,23
2015-05-20 15:15:00,26,23,2015-05-20,2015,5,15,15,2,Wednesday,0,0,-3
2015-05-20 15:30:00,31,69,2015-05-20,2015,5,15,30,2,Wednesday,0,0,38
2015-05-20 15:45:00,36,57,2015-05-20,2015,5,15,45,2,Wednesday,0,0,21
2015-05-20 16:00:00,7,18,2015-05-20,2015,5,16,0,2,Wednesday,0,0,11
2015-05-20 16:15:00,43,55,2015-05-20,2015,5,16,15,2,Wednesday,0,0,12
2015-05-20 16:30:00,6,40,2015-05-20,2015,5,16,30,2,Wednesday,0,0,34
2015-05-20 16:45:00,0,31,2015-05-20,2015,5,16,45,2,Wednesday,0,0,31
2015-05-20 17:00:00,40,62,2015-05-20,2015,5,17,0,2,Wednesday,0,0,22
2015-05-20 17:15:00,0,38,2015-05-20,2015,5,17,15,2,Wednesday,0,0,38
2015-05-20 17:30:00,0,51,2015-05-20,2015,5,17,30,2,Wednesday,0,0,51
2015-05-20 17:45:00,151,17,2015-05-20,2015,5,17,45,2,Wednesday,0,0,-134
2015-05-20 18:00:00,32,13,2015-05-20,2015,5,18,0,2,Wednesday,0,0,-19
2015-05-20 18:15:00,23,10,2015-05-20,2015,5,18,15,2,Wednesday,0,0,-13
2015-05-20 18:30:00,11,10,2015-05-20,2015,5,18,30,2,Wednesday,0,0,-1
2015-05-20 18:45:00,14,0,2015-05-20,2015,5,18,45,2,Wednesday,0,0,-14
2015-05-20 19:00:00,0,8,2015-05-20,2015,5,19,0,2,Wednesday,0,0,8
2015-05-20 19:15:00,19,17,2015-05-20,2015,5,19,15,2,Wednesday,0,0,-2
2015-05-20 19:30:00,0,6,2015-05-20,2015,5,19,30,2,Wednesday,0,0,6
2015-05-20 19:45:00,0,15,2015-05-20,2015,5,19,45,2,Wednesday,0,0,15
2015-05-20 20:00:00,35,0,2015-05-20,2015,5,20,0,2,Wednesday,0,0,-35
2015-05-20 20:15:00,0,5,2015-05-20,2015,5,20,15,2,Wednesday,0,0,5
2015-05-20 20:30:00,0,19,2015-05-20,2015,5,20,30,2,Wednesday,0,0,19
2015-05-20 20:45:00,15,1,2015-05-20,2015,5,20,45,2,Wednesday,0,0,-14
2015-05-20 21:00:00,0,3,2015-05-20,2015,5,21,0,2,Wednesday,0,0,3
2015-05-20 21:15:00,3,14,2015-05-20,2015,5,21,15,2,Wednesday,0,0,11
2015-05-20 21:45:00,0,2,2015-05-20,2015,5,21,45,2,Wednesday,0,0,2
2015-05-20 22:00:00,0,2,2015-05-20,2015,5,22,0,2,Wednesday,0,0,2
2015-05-20 22:15:00,8,0,2015-05-20,2015,5,22,15,2,Wednesday,0,0,-8
2015-05-20 22:30:00,0,2,2015-05-20,2015,5,22,30,2,Wednesday,0,0,2
2015-05-20 22:45:00,15,2,2015-05-20,2015,5,22,45,2,Wednesday,0,0,-13
2015-05-20 23:00:00,5,4,2015-05-20,2015,5,23,0,2,Wednesday,0,0,-1
2015-05-20 23:15:00,0,20,2015-05-20,2015,5,23,15,2,Wednesday,0,0,20
2015-05-21 07:30:00,8,6,2015-05-21,2015,5,7,30,3,Thursday,0,0,-2
2015-05-21 07:45:00,0,1,2015-05-21,2015,5,7,45,3,Thursday,0,0,1
2015-05-21 08:00:00,6,7,2015-05-21,2015,5,8,0,3,Thursday,0,0,1
2015-05-21 08:15:00,6,1,2015-05-21,2015,5,8,15,3,Thursday,0,0,-5
2015-05-21 08:30:00,0,4,2015-05-21,2015,5,8,30,3,Thursday,0,0,4
2015-05-21 08:45:00,1,9,2015-05-21,2015,5,8,45,3,Thursday,0,0,8
2015-05-21 09:00:00,15,11,2015-05-21,2015,5,9,0,3,Thursday,0,0,-4
2015-05-21 09:15:00,13,4,2015-05-21,2015,5,9,15,3,Thursday,0,0,-9
2015-05-21 09:30:00,3,15,2015-05-21,2015,5,9,30,3,Thursday,0,0,12
2015-05-21 09:45:00,16,13,2015-05-21,2015,5,9,45,3,Thursday,0,0,-3
2015-05-21 10:00:00,84,81,2015-05-21,2015,5,10,0,3,Thursday,0,0,-3
2015-05-21 10:15:00,25,62,2015-05-21,2015,5,10,15,3,Thursday,0,0,37
2015-05-21 10:30:00,30,65,2015-05-21,2015,5,10,30,3,Thursday,0,0,35
2015-05-21 10:45:00,42,56,2015-05-21,2015,5,10,45,3,Thursday,0,0,14
2015-05-21 11:00:00,48,62,2015-05-21,2015,5,11,0,3,Thursday,0,0,14
2015-05-21 11:15:00,28,28,2015-05-21,2015,5,11,15,3,Thursday,0,0,0
2015-05-21 11:30:00,38,67,2015-05-21,2015,5,11,30,3,Thursday,0,0,29
2015-05-21 11:45:00,114,91,2015-05-21,2015,5,11,45,3,Thursday,0,0,-23
2015-05-21 12:00:00,30,36,2015-05-21,2015,5,12,0,3,Thursday,0,0,6
2015-05-21 12:15:00,0,40,2015-05-21,2015,5,12,15,3,Thursday,0,0,40
